"id","citation_id","site_id","treatment_id","name","date","time","cultivar_id","specie_id","mean","statname","stat","n","vname","month","lon","lat","control","greenhouse","mean_unconverted","stat_unconverted"
42296,524,829,1575,"observational",NA,"00:00:00",NA,1080,13.5,"",NA,NA,"stomatal_slope.BB",NA,-105.073053,40.580366,TRUE,NA,13.5,NA
43590,544,858,1665,"observational",NA,"00:00:00",NA,1080,8.12,"",NA,NA,"stomatal_slope.BB",NA,-105.247193,40.010797,TRUE,FALSE,8.12,NA
49922,656,76,2085,"observational",NA,NA,NA,1072,5.95,"SE",1.35,4,"stomatal_slope.BB",NA,-88.202,40.0637,TRUE,FALSE,5.95,1.35
37764,381,602,1220,"observational",2010-06-01 00:00:00,"00:00:00",NA,1072,21.3338,"SE",1.5053,9,"c2n_leaf",6,NA,NA,TRUE,NA,21.3338,1.5053
37785,381,602,1220,"observational",2010-08-01 00:00:00,"00:00:00",NA,1072,16.8929,"SE",1.90123333333333,9,"c2n_leaf",8,NA,NA,TRUE,NA,16.8929,1.90123333333333
37806,381,602,1220,"observational",2010-09-01 00:00:00,"00:00:00",NA,1072,13.0954,"SE",0.2448,9,"c2n_leaf",9,NA,NA,TRUE,NA,13.0954,0.2448
39568,441,674,1403,"Observational",NA,"00:00:00",NA,1080,22,"",NA,NA,"c2n_leaf",NA,-147.87,64.82,TRUE,NA,22,NA
39570,441,674,1403,"Observational",NA,"00:00:00",NA,39387,26,"",NA,NA,"c2n_leaf",NA,-147.87,64.82,TRUE,NA,26,NA
24410,107,453,136,"Unfertilized",2002-10-15 00:00:00,"00:00:00",NA,2864,14.9190369438446,"SE",0.427109222094264,3,"leafN",10,-116.6,53.9,TRUE,NA,3.22,0.092
24411,107,453,137,"Fertilization_N8",2002-10-15 00:00:00,"00:00:00",NA,2864,15.0194517205408,"SE",0.541605247664361,3,"leafN",10,-116.6,53.9,FALSE,NA,3.2,0.115
24412,107,453,138,"Fertilization_N16",2002-10-15 00:00:00,"00:00:00",NA,2864,14.8267945830586,"SE",0.421835725917432,3,"leafN",10,-116.6,53.9,FALSE,NA,3.24,0.092
24353,102,445,88,"Observational",1995-06-15 00:00:00,"00:00:00",179,2955,24.6153846153846,"",NA,NA,"leafN",6,13.22,52.14,TRUE,NA,1.95,NA
24359,102,445,88,"Observational",1996-06-15 00:00:00,"00:00:00",255,2952,33.8028169014085,"",NA,NA,"leafN",6,13.22,52.14,TRUE,NA,1.42,NA
24360,102,445,88,"Observational",1996-06-15 00:00:00,"00:00:00",256,2952,32,"",NA,NA,"leafN",6,13.22,52.14,TRUE,NA,1.5,NA
24361,102,445,88,"Observational",1996-06-15 00:00:00,"00:00:00",179,2955,35.8208955223881,"",NA,NA,"leafN",6,13.22,52.14,TRUE,NA,1.34,NA
24367,102,445,88,"Observational",1997-06-15 00:00:00,"00:00:00",255,2952,27.1186440677966,"",NA,NA,"leafN",6,13.22,52.14,TRUE,NA,1.77,NA
24368,102,445,88,"Observational",1997-06-15 00:00:00,"00:00:00",257,2952,27.906976744186,"",NA,NA,"leafN",6,13.22,52.14,TRUE,NA,1.72,NA
24369,102,445,88,"Observational",1997-06-15 00:00:00,"00:00:00",179,2955,31.1688311688312,"",NA,NA,"leafN",6,13.22,52.14,TRUE,NA,1.54,NA
24375,102,445,88,"Observational",1998-06-15 00:00:00,"00:00:00",255,2952,20.8695652173913,"",NA,NA,"leafN",6,13.22,52.14,TRUE,NA,2.3,NA
24376,102,445,88,"Observational",1998-06-15 00:00:00,"00:00:00",258,2952,22.0183486238532,"",NA,NA,"leafN",6,13.22,52.14,TRUE,NA,2.18,NA
24377,102,445,88,"Observational",1999-06-15 00:00:00,"00:00:00",179,2955,23.4146341463415,"",NA,NA,"leafN",6,13.22,52.14,TRUE,NA,2.05,NA
24383,102,445,88,"Observational",2000-06-15 00:00:00,"00:00:00",255,2952,25.8064516129032,"",NA,NA,"leafN",6,13.22,52.14,TRUE,NA,1.86,NA
24384,102,445,88,"Observational",2000-06-15 00:00:00,"00:00:00",259,2952,28.7425149700599,"",NA,NA,"leafN",6,13.22,52.14,TRUE,NA,1.67,NA
24385,102,445,88,"Observational",2000-06-15 00:00:00,"00:00:00",179,2955,24.6153846153846,"",NA,NA,"leafN",6,13.22,52.14,TRUE,NA,1.95,NA
24391,102,445,88,"Observational",2001-06-15 00:00:00,"00:00:00",255,2952,24.4897959183673,"",NA,NA,"leafN",6,13.22,52.14,TRUE,NA,1.96,NA
24392,102,445,88,"Observational",2001-06-15 00:00:00,"00:00:00",260,2952,23.6453201970443,"",NA,NA,"leafN",6,13.22,52.14,TRUE,NA,2.03,NA
24393,102,445,88,"Observational",2001-06-15 00:00:00,"00:00:00",179,2955,23.4146341463415,"",NA,NA,"leafN",6,13.22,52.14,TRUE,NA,2.05,NA
24399,102,445,88,"Observational",2002-06-15 00:00:00,"00:00:00",255,2952,34.5323741007194,"",NA,NA,"leafN",6,13.22,52.14,TRUE,NA,1.39,NA
24400,102,445,88,"Observational",2002-06-15 00:00:00,"00:00:00",261,2952,36.6412213740458,"",NA,NA,"leafN",6,13.22,52.14,TRUE,NA,1.31,NA
24401,104,449,359,"Observational",2005-06-15 00:00:00,"00:00:00",NA,2860,13.9952436618218,"SE",0.122386976239294,4,"leafN",6,1.87,47.77,TRUE,NA,3.43,0.03
24402,104,450,359,"Observational",2005-06-15 00:00:00,"00:00:00",NA,2860,11.8530118053613,"SE",0.11705421320506,4,"leafN",6,7.67,44.7,TRUE,NA,4.05,0.04
24403,104,449,359,"Observational",2005-06-15 00:00:00,"00:00:00",NA,2579,15.64582453233,"SE",0.408356834257203,4,"leafN",6,1.87,47.77,TRUE,NA,3.07,0.08
24404,104,450,359,"Observational",2005-06-15 00:00:00,"00:00:00",NA,2579,15.419607125605,"SE",1.15140152287418,4,"leafN",6,7.67,44.7,TRUE,NA,3.13,0.23
24405,104,449,359,"Observational",2005-06-15 00:00:00,"00:00:00",NA,2866,16.43863613284,"SE",0.0675337715844496,4,"leafN",6,1.87,47.77,TRUE,NA,2.92,0.012
24406,104,450,359,"Observational",2005-06-15 00:00:00,"00:00:00",NA,2866,13.9553804044193,"SE",0.162271819003914,4,"leafN",6,7.67,44.7,TRUE,NA,3.44,0.04
24407,104,449,359,"Observational",2005-06-15 00:00:00,"00:00:00",NA,1072,15.005931376681,"SE",1.23565263373682,4,"leafN",6,1.87,47.77,TRUE,NA,3.22,0.26
24408,104,449,359,"Observational",2005-06-15 00:00:00,"00:00:00",NA,2955,17.7913432662155,"SE",1.19711499152301,4,"leafN",6,1.87,47.77,TRUE,NA,2.71,0.18
24409,104,450,359,"Observational",2005-06-15 00:00:00,"00:00:00",NA,2955,14.7116725006058,"SE",1.81193511749684,4,"leafN",6,7.67,44.7,TRUE,NA,3.31,0.39
37701,381,602,1220,"observational",2010-06-01 00:00:00,"00:00:00",NA,1072,23.0933592542083,"SE",1.41112542707825,9,"leafN",6,NA,NA,TRUE,NA,2.0862,0.126133333333333
37722,381,602,1220,"observational",2010-08-01 00:00:00,"00:00:00",NA,1072,15.6827935539779,"SE",1.64578990121178,9,"leafN",8,NA,NA,TRUE,NA,3.0933,0.314366666666667
37743,381,602,1220,"observational",2010-09-01 00:00:00,"00:00:00",NA,1072,12.9216952011881,"SE",0.349597537951845,9,"leafN",9,NA,NA,TRUE,NA,3.7174,0.1004
38814,422,637,1326,"Ambient",2002-01-01 00:00:00,"00:00:00",NA,1073,17.3287478877973,"SE",0.0625374204169183,3,"leafN",1,11.85,42.616667,TRUE,TRUE,2.77,0.01
38815,422,637,1327,"Elevated",2002-01-01 00:00:00,"00:00:00",NA,1073,21.42940161455,"SE",1.44739493502242,3,"leafN",1,11.85,42.616667,FALSE,TRUE,2.25,0.15
38820,422,637,1327,"Elevated",2002-01-01 00:00:00,"00:00:00",NA,2579,20.7889787463475,"SE",0.450413755992991,3,"leafN",1,11.85,42.616667,FALSE,TRUE,2.31,0.05
38821,422,637,1326,"Ambient",2002-01-01 00:00:00,"00:00:00",NA,2579,18.858753512328,"SE",0.817691428467686,3,"leafN",1,11.85,42.616667,TRUE,TRUE,2.55,0.11
38826,422,637,1326,"Ambient",2002-01-01 00:00:00,"00:00:00",NA,1069,17.8686322548476,"SE",0.666710921769573,3,"leafN",1,11.85,42.616667,TRUE,TRUE,2.69,0.1
38827,422,637,1327,"Elevated",2002-01-01 00:00:00,"00:00:00",NA,1069,21.2993182837249,"SE",1.1400582047333,3,"leafN",1,11.85,42.616667,FALSE,TRUE,2.26,0.12
44082,563,863,1675,"observational",NA,"00:00:00",NA,2860,11.6983535362722,"SE",0.212739544378257,3,"leafN",NA,175.618511,-40.348268,TRUE,TRUE,4.1045,0.0746
44733,603,796,1779,"observational",NA,"00:00:00",NA,1080,20.7270672514808,"SE",0.883343866091613,5,"leafN",NA,-71.288077,44.06464,TRUE,FALSE,2.32,0.0983869910099907
24344,97,441,129,"Unfertilized",1999-10-15 00:00:00,"00:00:00",NA,2860,14.6341463414634,"",NA,NA,"leafN",10,-95.78,47.9,TRUE,NA,3.28,NA
24345,97,441,129,"Unfertilized",2000-10-15 00:00:00,"00:00:00",NA,2860,18.9723320158103,"",NA,NA,"leafN",10,-95.78,47.9,TRUE,NA,2.53,NA
24346,97,441,129,"Unfertilized",2001-10-15 00:00:00,"00:00:00",NA,2860,18.9723320158103,"",NA,NA,"leafN",10,-95.78,47.9,TRUE,NA,2.53,NA
24347,97,441,130,"Fertilization_N50",1999-10-15 00:00:00,"00:00:00",NA,2860,12.972972972973,"",NA,NA,"leafN",10,-95.78,47.9,FALSE,NA,3.7,NA
24348,97,441,130,"Fertilization_N50",2000-10-15 00:00:00,"00:00:00",NA,2860,15.1419558359621,"",NA,NA,"leafN",10,-95.78,47.9,FALSE,NA,3.17,NA
24349,97,441,130,"Fertilization_N50",2001-10-15 00:00:00,"00:00:00",NA,2860,17.0212765957447,"",NA,NA,"leafN",10,-95.78,47.9,FALSE,NA,2.82,NA
24350,97,441,131,"Fertilization_N50",1999-10-15 00:00:00,"00:00:00",NA,2860,12.9380053908356,"",NA,NA,"leafN",10,-95.78,47.9,FALSE,NA,3.71,NA
24342,76,407,57,"Observational",1972-06-15 00:00:00,"00:00:00",NA,2864,21.2389380530973,"",NA,NA,"leafN",6,-76.37,41.29,TRUE,NA,2.26,NA
24343,76,407,57,"Observational",1975-06-15 00:00:00,"00:00:00",NA,2864,26.9662921348315,"",NA,NA,"leafN",6,-76.37,41.29,TRUE,NA,1.78,NA
24351,97,441,131,"Fertilization_N50",2000-10-15 00:00:00,"00:00:00",NA,2860,15.0470219435737,"",NA,NA,"leafN",10,-95.78,47.9,FALSE,NA,3.19,NA
24352,97,441,131,"Fertilization_N50",2001-10-15 00:00:00,"00:00:00",NA,2860,17.4545454545455,"",NA,NA,"leafN",10,-95.78,47.9,FALSE,NA,2.75,NA
24354,102,445,88,"Observational",1995-06-15 00:00:00,"00:00:00",251,2862,25.9459459459459,"",NA,NA,"leafN",6,13.22,52.14,TRUE,NA,1.85,NA
24356,102,445,88,"Observational",1995-06-15 00:00:00,"00:00:00",252,2877,24.6153846153846,"",NA,NA,"leafN",6,13.22,52.14,TRUE,NA,1.95,NA
24357,102,445,88,"Observational",1995-06-15 00:00:00,"00:00:00",253,2877,20.6896551724138,"",NA,NA,"leafN",6,13.22,52.14,TRUE,NA,2.32,NA
24358,102,445,88,"Observational",1995-06-15 00:00:00,"00:00:00",254,2877,22.0183486238532,"",NA,NA,"leafN",6,13.22,52.14,TRUE,NA,2.18,NA
24436,95,439,230,"plant date/fer",1997-06-15 00:00:00,"00:00:00",230,2862,22.4299065420561,"",NA,NA,"leafN",6,-123.3,48.47,FALSE,NA,2.14,NA
24437,95,439,230,"plant date/fer",1997-06-15 00:00:00,"00:00:00",231,2862,28.9156626506024,"",NA,NA,"leafN",6,-123.3,48.47,FALSE,NA,1.66,NA
24362,102,445,88,"Observational",1996-06-15 00:00:00,"00:00:00",251,2862,33.3333333333333,"",NA,NA,"leafN",6,13.22,52.14,TRUE,NA,1.44,NA
24364,102,445,88,"Observational",1996-06-15 00:00:00,"00:00:00",252,2877,43.2432432432432,"",NA,NA,"leafN",6,13.22,52.14,TRUE,NA,1.11,NA
24365,102,445,88,"Observational",1997-06-15 00:00:00,"00:00:00",253,2877,23.1884057971015,"",NA,NA,"leafN",6,13.22,52.14,TRUE,NA,2.07,NA
24366,102,445,88,"Observational",1997-06-15 00:00:00,"00:00:00",254,2877,24.3654822335025,"",NA,NA,"leafN",6,13.22,52.14,TRUE,NA,1.97,NA
24370,102,445,88,"Observational",1997-06-15 00:00:00,"00:00:00",251,2862,32,"",NA,NA,"leafN",6,13.22,52.14,TRUE,NA,1.5,NA
24372,102,445,88,"Observational",1998-06-15 00:00:00,"00:00:00",252,2877,20.4255319148936,"",NA,NA,"leafN",6,13.22,52.14,TRUE,NA,2.35,NA
24373,102,445,88,"Observational",1998-06-15 00:00:00,"00:00:00",253,2877,20,"",NA,NA,"leafN",6,13.22,52.14,TRUE,NA,2.4,NA
24374,102,445,88,"Observational",1998-06-15 00:00:00,"00:00:00",254,2877,18.1818181818182,"",NA,NA,"leafN",6,13.22,52.14,TRUE,NA,2.64,NA
24378,102,445,88,"Observational",1999-06-15 00:00:00,"00:00:00",251,2862,23.1884057971015,"",NA,NA,"leafN",6,13.22,52.14,TRUE,NA,2.07,NA
24380,102,445,88,"Observational",1999-06-15 00:00:00,"00:00:00",252,2877,23.6453201970443,"",NA,NA,"leafN",6,13.22,52.14,TRUE,NA,2.03,NA
24381,102,445,88,"Observational",1999-06-15 00:00:00,"00:00:00",253,2877,23.4146341463415,"",NA,NA,"leafN",6,13.22,52.14,TRUE,NA,2.05,NA
24382,102,445,88,"Observational",1999-06-15 00:00:00,"00:00:00",254,2877,22.9665071770335,"",NA,NA,"leafN",6,13.22,52.14,TRUE,NA,2.09,NA
24386,102,445,88,"Observational",2000-06-15 00:00:00,"00:00:00",251,2862,25.8064516129032,"",NA,NA,"leafN",6,13.22,52.14,TRUE,NA,1.86,NA
24388,102,445,88,"Observational",2000-06-15 00:00:00,"00:00:00",252,2877,30.188679245283,"",NA,NA,"leafN",6,13.22,52.14,TRUE,NA,1.59,NA
24389,102,445,88,"Observational",2001-06-15 00:00:00,"00:00:00",253,2877,23.4146341463415,"",NA,NA,"leafN",6,13.22,52.14,TRUE,NA,2.05,NA
24390,102,445,88,"Observational",2001-06-15 00:00:00,"00:00:00",254,2877,23.1884057971015,"",NA,NA,"leafN",6,13.22,52.14,TRUE,NA,2.07,NA
24394,102,445,88,"Observational",2001-06-15 00:00:00,"00:00:00",251,2862,22.9665071770335,"",NA,NA,"leafN",6,13.22,52.14,TRUE,NA,2.09,NA
24396,102,445,88,"Observational",2002-06-15 00:00:00,"00:00:00",252,2877,34.7826086956522,"",NA,NA,"leafN",6,13.22,52.14,TRUE,NA,1.38,NA
24397,102,445,88,"Observational",2002-06-15 00:00:00,"00:00:00",253,2877,35.8208955223881,"",NA,NA,"leafN",6,13.22,52.14,TRUE,NA,1.34,NA
24398,102,445,88,"Observational",2002-06-15 00:00:00,"00:00:00",254,2877,32,"",NA,NA,"leafN",6,13.22,52.14,TRUE,NA,1.5,NA
24371,102,445,88,"Observational",1998-06-15 00:00:00,"00:00:00",99,2862,20.1680672268908,"",NA,NA,"leafN",6,13.22,52.14,TRUE,NA,2.38,NA
24379,102,445,88,"Observational",1999-06-15 00:00:00,"00:00:00",99,2862,24.4897959183673,"",NA,NA,"leafN",6,13.22,52.14,TRUE,NA,1.96,NA
24387,102,445,88,"Observational",2000-06-15 00:00:00,"00:00:00",99,2862,25.531914893617,"",NA,NA,"leafN",6,13.22,52.14,TRUE,NA,1.88,NA
24395,102,445,88,"Observational",2002-06-15 00:00:00,"00:00:00",99,2862,31.3725490196078,"",NA,NA,"leafN",6,13.22,52.14,TRUE,NA,1.53,NA
24355,102,445,88,"Observational",1995-06-15 00:00:00,"00:00:00",99,2862,26.5193370165746,"",NA,NA,"leafN",6,13.22,52.14,TRUE,NA,1.81,NA
24363,102,445,88,"Observational",1996-06-15 00:00:00,"00:00:00",99,2862,39.6694214876033,"",NA,NA,"leafN",6,13.22,52.14,TRUE,NA,1.21,NA
24419,63,391,141,NA,2004-06-15 00:00:00,"00:00:00",92,2860,21.1453744493392,"",NA,4,"leafN",6,-92.77,39.02,NA,FALSE,2.27,NA
24420,63,391,141,NA,2004-06-15 00:00:00,"00:00:00",93,2860,19.9170124481328,"",NA,4,"leafN",6,-92.77,39.02,NA,FALSE,2.41,NA
24421,63,391,141,NA,2004-06-15 00:00:00,"00:00:00",94,1072,17.5182481751825,"",NA,4,"leafN",6,-92.77,39.02,NA,FALSE,2.74,NA
24422,63,391,141,NA,2004-06-15 00:00:00,"00:00:00",95,1072,20.0836820083682,"",NA,4,"leafN",6,-92.77,39.02,NA,FALSE,2.39,NA
24423,63,391,141,NA,2004-06-15 00:00:00,"00:00:00",96,1072,18.1818181818182,"",NA,4,"leafN",6,-92.77,39.02,NA,FALSE,2.64,NA
24424,95,439,230,"plant date/fer",1997-06-15 00:00:00,"00:00:00",218,2862,25.2631578947368,"",NA,NA,"leafN",6,-123.3,48.47,FALSE,NA,1.9,NA
24425,95,439,230,"plant date/fer",1997-06-15 00:00:00,"00:00:00",219,2862,21.6216216216216,"",NA,NA,"leafN",6,-123.3,48.47,FALSE,NA,2.22,NA
24426,95,439,230,"plant date/fer",1997-06-15 00:00:00,"00:00:00",220,2862,23.3009708737864,"",NA,NA,"leafN",6,-123.3,48.47,FALSE,NA,2.06,NA
24427,95,439,230,"plant date/fer",1997-06-15 00:00:00,"00:00:00",221,2862,26.5193370165746,"",NA,NA,"leafN",6,-123.3,48.47,FALSE,NA,1.81,NA
24428,95,439,230,"plant date/fer",1997-06-15 00:00:00,"00:00:00",222,2862,18.8235294117647,"",NA,NA,"leafN",6,-123.3,48.47,FALSE,NA,2.55,NA
24429,95,439,230,"plant date/fer",1997-06-15 00:00:00,"00:00:00",223,2862,24.3654822335025,"",NA,NA,"leafN",6,-123.3,48.47,FALSE,NA,1.97,NA
24430,95,439,230,"plant date/fer",1997-06-15 00:00:00,"00:00:00",224,2862,26.0869565217391,"",NA,NA,"leafN",6,-123.3,48.47,FALSE,NA,1.84,NA
24431,95,439,230,"plant date/fer",1997-06-15 00:00:00,"00:00:00",225,2862,26.2295081967213,"",NA,NA,"leafN",6,-123.3,48.47,FALSE,NA,1.83,NA
24432,95,439,230,"plant date/fer",1997-06-15 00:00:00,"00:00:00",226,2862,21.9178082191781,"",NA,NA,"leafN",6,-123.3,48.47,FALSE,NA,2.19,NA
24433,95,439,230,"plant date/fer",1997-06-15 00:00:00,"00:00:00",227,2862,26.0869565217391,"",NA,NA,"leafN",6,-123.3,48.47,FALSE,NA,1.84,NA
24434,95,439,230,"plant date/fer",1997-06-15 00:00:00,"00:00:00",228,2862,24.7422680412371,"",NA,NA,"leafN",6,-123.3,48.47,FALSE,NA,1.94,NA
24435,95,439,230,"plant date/fer",1997-06-15 00:00:00,"00:00:00",229,2862,26.6666666666667,"",NA,NA,"leafN",6,-123.3,48.47,FALSE,NA,1.8,NA
24438,95,439,230,"plant date/fer",1997-06-15 00:00:00,"00:00:00",232,2862,23.8805970149254,"",NA,NA,"leafN",6,-123.3,48.47,FALSE,NA,2.01,NA
24439,95,439,230,"plant date/fer",1997-06-15 00:00:00,"00:00:00",233,2862,29.2682926829268,"",NA,NA,"leafN",6,-123.3,48.47,FALSE,NA,1.64,NA
24440,95,439,230,"plant date/fer",1997-06-15 00:00:00,"00:00:00",234,2862,23.7623762376238,"",NA,NA,"leafN",6,-123.3,48.47,FALSE,NA,2.02,NA
24441,95,439,230,"plant date/fer",1997-06-15 00:00:00,"00:00:00",235,2862,25.130890052356,"",NA,NA,"leafN",6,-123.3,48.47,FALSE,NA,1.91,NA
24442,95,439,230,"plant date/fer",1997-06-15 00:00:00,"00:00:00",236,2862,24.3654822335025,"",NA,NA,"leafN",6,-123.3,48.47,FALSE,NA,1.97,NA
24443,95,439,230,"plant date/fer",1997-06-15 00:00:00,"00:00:00",237,2862,29.6296296296296,"",NA,NA,"leafN",6,-123.3,48.47,FALSE,NA,1.62,NA
24444,95,439,230,"plant date/fer",1997-06-15 00:00:00,"00:00:00",238,2862,23.5294117647059,"",NA,NA,"leafN",6,-123.3,48.47,FALSE,NA,2.04,NA
24445,95,439,230,"plant date/fer",1997-06-15 00:00:00,"00:00:00",239,2862,24,"",NA,NA,"leafN",6,-123.3,48.47,FALSE,NA,2,NA
24446,95,439,230,"plant date/fer",1997-06-15 00:00:00,"00:00:00",240,2862,26.3736263736264,"",NA,NA,"leafN",6,-123.3,48.47,FALSE,NA,1.82,NA
24447,95,439,230,"plant date/fer",1997-06-15 00:00:00,"00:00:00",241,2862,30.7692307692308,"",NA,NA,"leafN",6,-123.3,48.47,FALSE,NA,1.56,NA
24448,95,439,230,"plant date/fer",1997-06-15 00:00:00,"00:00:00",242,2862,26.9662921348315,"",NA,NA,"leafN",6,-123.3,48.47,FALSE,NA,1.78,NA
24449,95,439,230,"plant date/fer",1997-06-15 00:00:00,"00:00:00",243,2862,26.3736263736264,"",NA,NA,"leafN",6,-123.3,48.47,FALSE,NA,1.82,NA
24450,95,439,230,"plant date/fer",1997-06-15 00:00:00,"00:00:00",244,2862,25.9459459459459,"",NA,NA,"leafN",6,-123.3,48.47,FALSE,NA,1.85,NA
24451,95,439,230,"plant date/fer",1997-06-15 00:00:00,"00:00:00",245,2862,25.3968253968254,"",NA,NA,"leafN",6,-123.3,48.47,FALSE,NA,1.89,NA
24452,95,439,230,"plant date/fer",1997-06-15 00:00:00,"00:00:00",246,2862,21.6216216216216,"",NA,NA,"leafN",6,-123.3,48.47,FALSE,NA,2.22,NA
24453,95,439,230,"plant date/fer",1997-06-15 00:00:00,"00:00:00",NA,2955,27.906976744186,"",NA,NA,"leafN",6,-123.3,48.47,FALSE,NA,1.72,NA
24454,95,439,230,"plant date/fer",1997-06-15 00:00:00,"00:00:00",NA,1072,31.7880794701987,"",NA,NA,"leafN",6,-123.3,48.47,FALSE,NA,1.51,NA
24455,95,439,231,"plant date/fer",1996-06-15 00:00:00,"00:00:00",NA,2955,32,"",NA,NA,"leafN",6,-123.3,48.47,FALSE,NA,1.5,NA
24456,95,439,231,"plant date/fer",1996-06-15 00:00:00,"00:00:00",NA,1072,32.8767123287671,"",NA,NA,"leafN",6,-123.3,48.47,FALSE,NA,1.46,NA
24457,95,439,231,"plant date/fer",1996-06-15 00:00:00,"00:00:00",NA,2862,35.036496350365,"",NA,NA,"leafN",6,-123.3,48.47,FALSE,NA,1.37,NA
24458,95,439,231,"plant date/fer",1996-06-15 00:00:00,"00:00:00",NA,2866,32,"",NA,NA,"leafN",6,-123.3,48.47,FALSE,NA,1.5,NA
38489,414,624,1310,"ambient CO2 low temp",1998-01-01 00:00:00,"00:00:00",NA,1080,13.0112062656972,"SE",0.709202958677147,NA,"leafN",1,-93.18,44.98,TRUE,TRUE,3.7,0.2
38491,414,624,1312,"ambient CO2 medium temp",1998-01-01 00:00:00,"00:00:00",NA,1080,11.8220098054275,"SE",1.18776043804782,NA,"leafN",1,-93.18,44.98,FALSE,TRUE,4.1,0.4
38492,414,624,1314,"ambient CO2 high temp",1998-01-01 00:00:00,"00:00:00",NA,1080,9.06955749211816,"SE",0.343552788283908,NA,"leafN",1,-93.18,44.98,FALSE,TRUE,5.3,0.2
38493,414,624,1311,"elevated CO2 low temp",1998-01-01 00:00:00,"00:00:00",NA,1080,11.7710010731148,"SE",0.875100939461816,NA,"leafN",1,-93.18,44.98,FALSE,TRUE,4.1,0.3
38494,414,624,1313,"elevated CO2 medium temp",1997-12-31 06:00:00,"00:00:00",NA,1080,15.0001481414545,"SE",0.0468591693780774,NA,"leafN",12,-93.18,44.98,FALSE,TRUE,3.2,0.01
38495,414,624,1315,"elevated CO2 high temp",1998-01-01 00:00:00,"00:00:00",NA,1080,14.0130290413852,"SE",2.14368556623307,NA,"leafN",1,-93.18,44.98,FALSE,TRUE,3.5,0.5
38668,415,630,1316,"Observational",NA,"00:00:00",NA,1072,20.3389830508475,"",NA,NA,"leafN",NA,-89.4293,43.0399,TRUE,FALSE,2.36,NA
38673,415,630,1316,"Observational",NA,"00:00:00",NA,1080,21.7194570135747,"",NA,NA,"leafN",NA,-89.4293,43.0399,TRUE,FALSE,2.21,NA
38859,425,311,1333,"Elevated CO2 high light",1996-01-01 00:00:00,"00:00:00",NA,1080,17.0813617327844,"SE",0.96110395927052,32,"leafN",1,-89.423525,43.077455,FALSE,TRUE,2.8189,0.1572
38854,425,311,1330,"Ambient CO2 low light",1996-01-01 00:00:00,"00:00:00",NA,1080,12.6658164035612,"SE",0.847976701180535,32,"leafN",1,-89.423525,43.077455,TRUE,TRUE,3.8065,0.2516
38856,425,311,1331,"Ambient CO2 high light",1996-01-01 00:00:00,"00:00:00",NA,1080,14.036080359077,"SE",0.778864490310117,32,"leafN",1,-89.423525,43.077455,FALSE,TRUE,3.4302,0.1887
38858,425,311,1332,"Elevated CO2 low light",1996-01-01 00:00:00,"00:00:00",NA,1080,14.1627873486976,"SE",0.793078672071728,32,"leafN",1,-89.423525,43.077455,FALSE,TRUE,3.3997,0.1887
24675,67,126,445,"Observational",2001-06-15 00:00:00,"00:00:00",103,2867,17.3,"SE",0.76,3,"SLA",6,4.37,51.08,TRUE,FALSE,17.3,0.76
24692,99,126,280,"Observational",2003-06-15 00:00:00,"00:00:00",103,2068,15.1,"SE",3,3,"SLA",6,4.37,51.08,TRUE,FALSE,15.1,3
24694,99,126,280,"Observational",2003-06-15 00:00:00,"00:00:00",113,2955,16.5,"SE",6,3,"SLA",6,4.37,51.08,TRUE,FALSE,16.5,6
24678,67,126,445,"Observational",2001-06-15 00:00:00,"00:00:00",106,2862,18.1,"SE",0.12,3,"SLA",6,4.37,51.08,TRUE,FALSE,18.1,0.12
24679,67,126,445,"Observational",2001-06-15 00:00:00,"00:00:00",107,2862,20.9,"SE",0.74,3,"SLA",6,4.37,51.08,TRUE,FALSE,20.9,0.74
24682,67,126,445,"Observational",2001-06-15 00:00:00,"00:00:00",275,2866,21.1,"SE",0.65,3,"SLA",6,4.37,51.08,TRUE,FALSE,21.1,0.65
24683,67,126,445,"Observational",2001-06-15 00:00:00,"00:00:00",276,2866,19.7,"SE",0.173,3,"SLA",6,4.37,51.08,TRUE,FALSE,19.7,0.173
24684,67,126,445,"Observational",2001-06-15 00:00:00,"00:00:00",277,2866,17.8,"SE",0.173,3,"SLA",6,4.37,51.08,TRUE,FALSE,17.8,0.173
24685,67,126,445,"Observational",2001-06-15 00:00:00,"00:00:00",110,2860,20.9,"SE",0.88,3,"SLA",6,4.37,51.08,TRUE,FALSE,20.9,0.88
24696,99,126,280,"Observational",2003-06-15 00:00:00,"00:00:00",152,2068,15.6,"SE",4,3,"SLA",6,4.37,51.08,TRUE,FALSE,15.6,4
37577,381,602,1220,"observational",2010-06-01 00:00:00,"00:00:00",NA,1072,15.4309,"SE",0.358033333333333,9,"SLA",6,NA,NA,TRUE,NA,15.4309,0.358033333333333
37598,381,602,1220,"observational",2010-08-01 00:00:00,"00:00:00",NA,1072,15.4144,"SE",0.991656822360101,12,"SLA",8,NA,NA,TRUE,NA,15.4144,0.991656822360101
37619,381,602,1220,"observational",2010-09-01 00:00:00,"00:00:00",NA,1072,12.6156,"SE",0.862917760421003,8,"SLA",9,NA,NA,TRUE,NA,12.6156,0.862917760421003
38832,424,639,1329,"Observational",NA,"00:00:00",NA,1080,17.57,"SE",0.53,60,"SLA",NA,-90.116667,45.8,TRUE,FALSE,17.57,0.53
39552,441,674,1403,"Observational",NA,"00:00:00",NA,1080,12.2,"",NA,NA,"SLA",NA,-147.87,64.82,TRUE,NA,12.2,NA
39554,441,674,1403,"Observational",NA,"00:00:00",NA,39387,12.2,"",NA,NA,"SLA",NA,-147.87,64.82,TRUE,NA,12.2,NA
24740,104,449,359,"Observational",2005-06-15 00:00:00,"00:00:00",NA,2955,16.33,"SE",0.93,4,"SLA",6,1.87,47.77,TRUE,NA,16.33,0.93
24739,104,449,359,"Observational",2005-06-15 00:00:00,"00:00:00",NA,1072,17.47,"SE",1.1,4,"SLA",6,1.87,47.77,TRUE,NA,17.47,1.1
24738,104,450,359,"Observational",2005-06-15 00:00:00,"00:00:00",NA,2866,14.52,"SE",0.19,4,"SLA",6,7.67,44.7,TRUE,NA,14.52,0.19
24737,104,449,359,"Observational",2005-06-15 00:00:00,"00:00:00",NA,2866,16.97,"SE",0.31,4,"SLA",6,1.87,47.77,TRUE,NA,16.97,0.31
24736,104,450,359,"Observational",2005-06-15 00:00:00,"00:00:00",NA,2579,15.4,"SE",1.69,4,"SLA",6,7.67,44.7,TRUE,NA,15.4,1.69
24735,104,449,359,"Observational",2005-06-15 00:00:00,"00:00:00",NA,2579,16.21,"SE",0.61,4,"SLA",6,1.87,47.77,TRUE,NA,16.21,0.61
24734,104,450,359,"Observational",2005-06-15 00:00:00,"00:00:00",NA,2860,16.27,"SE",0.19,4,"SLA",6,7.67,44.7,TRUE,NA,16.27,0.19
24733,104,449,359,"Observational",2005-06-15 00:00:00,"00:00:00",NA,2860,18.28,"SE",0.24,4,"SLA",6,1.87,47.77,TRUE,NA,18.28,0.24
24688,67,126,445,"Observational",2001-06-15 00:00:00,"00:00:00",113,2955,20.3,"SE",0.146,3,"SLA",6,4.37,51.08,TRUE,FALSE,20.3,0.146
24689,67,126,445,"Observational",2001-06-15 00:00:00,"00:00:00",114,2955,16,"SE",0.172,3,"SLA",6,4.37,51.08,TRUE,FALSE,16,0.172
24690,67,126,445,"Observational",2001-06-15 00:00:00,"00:00:00",115,2955,18.4,"SE",0.298,3,"SLA",6,4.37,51.08,TRUE,FALSE,18.4,0.298
24691,67,126,445,"Observational",2001-06-15 00:00:00,"00:00:00",116,2579,17.2,"SE",0.239,3,"SLA",6,4.37,51.08,TRUE,FALSE,17.2,0.239
24687,67,126,445,"Observational",2001-06-15 00:00:00,"00:00:00",126,2860,19.6,"SE",0.82,3,"SLA",6,4.37,51.08,TRUE,FALSE,19.6,0.82
24741,104,450,359,"Observational",2005-06-15 00:00:00,"00:00:00",NA,2955,19.91,"SE",1.86,4,"SLA",6,7.67,44.7,TRUE,NA,19.91,1.86
44422,311,486,957,"Understory",NA,"00:00:00",NA,1070,27.3913,"SE",2.2011,5,"SLA",NA,-113.5,53.333,TRUE,TRUE,27.3913,2.2011
44423,311,486,959,"Open",NA,"00:00:00",NA,1070,14.6739,"SE",0.7337,5,"SLA",NA,-113.5,53.333,FALSE,TRUE,14.6739,0.7337
44424,311,486,957,"Understory",NA,"00:00:00",NA,1080,20.2989,"SE",3.1794,5,"SLA",NA,-113.5,53.333,TRUE,TRUE,20.2989,3.1794
44425,311,486,959,"Open",NA,"00:00:00",NA,1080,15.163,"SE",0.9783,5,"SLA",NA,-113.5,53.333,FALSE,TRUE,15.163,0.9783
44597,485,57,1515,"Observational- Dillaway",NA,"00:00:00",NA,1080,14.7,"SE",0.7,4,"SLA",NA,-88.67,37.45,TRUE,FALSE,14.7,0.7
44599,485,57,1515,"Observational- Dillaway",NA,"00:00:00",NA,1072,18,"SE",0.4,4,"SLA",NA,-88.67,37.45,TRUE,FALSE,18,0.4
44601,485,799,1515,"Observational- Dillaway",NA,"00:00:00",NA,1080,12.2,"SE",0.4,4,"SLA",NA,-89.35,43.3,TRUE,FALSE,12.2,0.4
44603,485,799,1515,"Observational- Dillaway",NA,"00:00:00",NA,1072,13.5,"SE",1.5,4,"SLA",NA,-89.35,43.3,TRUE,FALSE,13.5,1.5
44605,485,798,1515,"Observational- Dillaway",NA,"00:00:00",NA,1080,20.7,"SE",0.9,4,"SLA",NA,-89.37,45.65,TRUE,FALSE,20.7,0.9
44607,485,798,1515,"Observational- Dillaway",NA,"00:00:00",NA,1072,19,"SE",0.5,4,"SLA",NA,-89.37,45.65,TRUE,FALSE,19,0.5
24742,105,451,464,"plant date/rotation",2001-06-17 00:00:00,"00:00:00",268,1072,12.646,"",NA,NA,"SLA",6,-0.83,51.12,TRUE,NA,12.646,NA
24743,105,451,464,"plant date/rotation",2001-06-17 00:00:00,"00:00:00",269,2955,10.519,"",NA,NA,"SLA",6,-0.83,51.12,TRUE,NA,10.519,NA
24698,101,126,11,"Observational",2001-08-15 00:00:00,"00:00:00",113,2955,17.406,"",NA,NA,"SLA",8,4.37,51.08,TRUE,FALSE,17.406,NA
24699,101,126,11,"Observational",2001-08-15 00:00:00,"00:00:00",114,2955,17.72,"",NA,NA,"SLA",8,4.37,51.08,TRUE,FALSE,17.72,NA
24700,101,126,11,"Observational",2001-08-15 00:00:00,"00:00:00",115,2955,23.566,"",NA,NA,"SLA",8,4.37,51.08,TRUE,FALSE,23.566,NA
24704,101,126,11,"Observational",2001-08-15 00:00:00,"00:00:00",276,2866,21.554,"",NA,NA,"SLA",8,4.37,51.08,TRUE,FALSE,21.554,NA
24705,101,126,11,"Observational",2001-08-15 00:00:00,"00:00:00",110,2860,20.886,"",NA,NA,"SLA",8,4.37,51.08,TRUE,FALSE,20.886,NA
24706,101,126,11,"Observational",2001-08-15 00:00:00,"00:00:00",111,2860,16.054,"",NA,NA,"SLA",8,4.37,51.08,TRUE,FALSE,16.054,NA
24708,101,126,11,"Observational",2001-08-15 00:00:00,"00:00:00",103,2068,17.976,"",NA,NA,"SLA",8,4.37,51.08,TRUE,FALSE,17.976,NA
24709,101,126,12,"plant date/density/irrigation/layer",2002-06-15 00:00:00,"00:00:00",152,2068,14.983,"",NA,NA,"SLA",6,4.37,51.08,FALSE,FALSE,14.983,NA
24728,101,126,13,"plant date/density/irrigation/layer",2002-06-15 00:00:00,"00:00:00",276,2866,17.923,"",NA,NA,"SLA",6,4.37,51.08,FALSE,FALSE,17.923,NA
24729,101,126,13,"plant date/density/irrigation/layer",2002-06-15 00:00:00,"00:00:00",110,2860,24.069,"",NA,NA,"SLA",6,4.37,51.08,FALSE,FALSE,24.069,NA
24730,101,126,13,"plant date/density/irrigation/layer",2002-06-15 00:00:00,"00:00:00",111,2860,18.948,"",NA,NA,"SLA",6,4.37,51.08,FALSE,FALSE,18.948,NA
24732,101,126,13,"plant date/density/irrigation/layer",2002-06-15 00:00:00,"00:00:00",103,2068,23.595,"",NA,NA,"SLA",6,4.37,51.08,FALSE,FALSE,23.595,NA
24695,99,126,280,"Observational",2003-06-15 00:00:00,"00:00:00",126,2860,13.4,"SE",3,3,"SLA",6,4.37,51.08,TRUE,FALSE,13.4,3
24676,67,126,445,"Observational",2001-06-15 00:00:00,"00:00:00",99,2862,16.9,"SE",0.129,3,"SLA",6,4.37,51.08,TRUE,FALSE,16.9,0.129
24677,67,126,445,"Observational",2001-06-15 00:00:00,"00:00:00",119,2862,19.7,"SE",0.87,3,"SLA",6,4.37,51.08,TRUE,FALSE,19.7,0.87
24680,67,126,445,"Observational",2001-06-15 00:00:00,"00:00:00",122,2862,17.4,"SE",0.153,3,"SLA",6,4.37,51.08,TRUE,FALSE,17.4,0.153
24693,99,126,280,"Observational",2003-06-15 00:00:00,"00:00:00",123,2862,15,"SE",2,3,"SLA",6,4.37,51.08,TRUE,FALSE,15,2
24681,67,126,445,"Observational",2001-06-15 00:00:00,"00:00:00",123,2862,20.2,"SE",0.189,3,"SLA",6,4.37,51.08,TRUE,FALSE,20.2,0.189
24712,101,126,12,"plant date/density/irrigation/layer",2002-06-15 00:00:00,"00:00:00",115,2955,9.639,"",NA,NA,"SLA",6,4.37,51.08,FALSE,FALSE,9.639,NA
24716,101,126,12,"plant date/density/irrigation/layer",2002-06-15 00:00:00,"00:00:00",276,2866,14.892,"",NA,NA,"SLA",6,4.37,51.08,FALSE,FALSE,14.892,NA
24717,101,126,12,"plant date/density/irrigation/layer",2002-06-15 00:00:00,"00:00:00",110,2860,13.877,"",NA,NA,"SLA",6,4.37,51.08,FALSE,FALSE,13.877,NA
24718,101,126,12,"plant date/density/irrigation/layer",2002-06-15 00:00:00,"00:00:00",111,2860,15.33,"",NA,NA,"SLA",6,4.37,51.08,FALSE,FALSE,15.33,NA
24720,101,126,12,"plant date/density/irrigation/layer",2002-06-15 00:00:00,"00:00:00",103,2068,12.613,"",NA,NA,"SLA",6,4.37,51.08,FALSE,FALSE,12.613,NA
24721,101,126,13,"plant date/density/irrigation/layer",2002-06-15 00:00:00,"00:00:00",152,2068,19.478,"",NA,NA,"SLA",6,4.37,51.08,FALSE,FALSE,19.478,NA
24722,101,126,13,"plant date/density/irrigation/layer",2002-06-15 00:00:00,"00:00:00",113,2955,21.342,"",NA,NA,"SLA",6,4.37,51.08,FALSE,FALSE,21.342,NA
24723,101,126,13,"plant date/density/irrigation/layer",2002-06-15 00:00:00,"00:00:00",114,2955,21.042,"",NA,NA,"SLA",6,4.37,51.08,FALSE,FALSE,21.042,NA
24724,101,126,13,"plant date/density/irrigation/layer",2002-06-15 00:00:00,"00:00:00",115,2955,18.121,"",NA,NA,"SLA",6,4.37,51.08,FALSE,FALSE,18.121,NA
24707,101,126,11,"Observational",2001-08-15 00:00:00,"00:00:00",126,2860,20.587,"",NA,NA,"SLA",8,4.37,51.08,TRUE,FALSE,20.587,NA
24719,101,126,12,"plant date/density/irrigation/layer",2002-06-15 00:00:00,"00:00:00",126,2860,14.134,"",NA,NA,"SLA",6,4.37,51.08,FALSE,FALSE,14.134,NA
24731,101,126,13,"plant date/density/irrigation/layer",2002-06-15 00:00:00,"00:00:00",126,2860,24.825,"",NA,NA,"SLA",6,4.37,51.08,FALSE,FALSE,24.825,NA
24701,101,126,11,"Observational",2001-08-15 00:00:00,"00:00:00",99,2862,19.235,"",NA,NA,"SLA",8,4.37,51.08,TRUE,FALSE,19.235,NA
24713,101,126,12,"plant date/density/irrigation/layer",2002-06-15 00:00:00,"00:00:00",99,2862,14.454,"",NA,NA,"SLA",6,4.37,51.08,FALSE,FALSE,14.454,NA
24725,101,126,13,"plant date/density/irrigation/layer",2002-06-15 00:00:00,"00:00:00",99,2862,21.689,"",NA,NA,"SLA",6,4.37,51.08,FALSE,FALSE,21.689,NA
24702,101,126,11,"Observational",2001-08-15 00:00:00,"00:00:00",122,2862,18.948,"",NA,NA,"SLA",8,4.37,51.08,TRUE,FALSE,18.948,NA
24714,101,126,12,"plant date/density/irrigation/layer",2002-06-15 00:00:00,"00:00:00",122,2862,11.578,"",NA,NA,"SLA",6,4.37,51.08,FALSE,FALSE,11.578,NA
24726,101,126,13,"plant date/density/irrigation/layer",2002-06-15 00:00:00,"00:00:00",122,2862,20.253,"",NA,NA,"SLA",6,4.37,51.08,FALSE,FALSE,20.253,NA
24703,101,126,11,"Observational",2001-08-15 00:00:00,"00:00:00",123,2862,21.665,"",NA,NA,"SLA",8,4.37,51.08,TRUE,FALSE,21.665,NA
24715,101,126,12,"plant date/density/irrigation/layer",2002-06-15 00:00:00,"00:00:00",123,2862,10.767,"",NA,NA,"SLA",6,4.37,51.08,FALSE,FALSE,10.767,NA
24727,101,126,13,"plant date/density/irrigation/layer",2002-06-15 00:00:00,"00:00:00",123,2862,23.287,"",NA,NA,"SLA",6,4.37,51.08,FALSE,FALSE,23.287,NA
24697,101,126,11,"Observational",2001-08-15 00:00:00,"00:00:00",152,2068,18.34,"",NA,NA,"SLA",8,4.37,51.08,TRUE,FALSE,18.34,NA
24686,67,126,445,"Observational",2001-06-15 00:00:00,"00:00:00",111,2860,16.6,"SE",0.13,3,"SLA",6,4.37,51.08,TRUE,FALSE,16.6,0.13
24710,101,126,12,"plant date/density/irrigation/layer",2002-06-15 00:00:00,"00:00:00",113,2955,12.58,"",NA,NA,"SLA",6,4.37,51.08,FALSE,FALSE,12.58,NA
24711,101,126,12,"plant date/density/irrigation/layer",2002-06-15 00:00:00,"00:00:00",114,2955,9.021,"",NA,NA,"SLA",6,4.37,51.08,FALSE,FALSE,9.021,NA
24670,63,391,141,NA,2004-06-15 00:00:00,"00:00:00",92,2860,17.1,"",NA,4,"SLA",6,-92.77,39.02,NA,FALSE,17.1,NA
24671,63,391,141,NA,2004-06-15 00:00:00,"00:00:00",93,2860,16.67,"",NA,4,"SLA",6,-92.77,39.02,NA,FALSE,16.67,NA
24672,63,391,141,NA,2004-06-15 00:00:00,"00:00:00",94,1072,15.61,"",NA,4,"SLA",6,-92.77,39.02,NA,FALSE,15.61,NA
24673,63,391,141,NA,2004-06-15 00:00:00,"00:00:00",95,1072,18.18,"",NA,4,"SLA",6,-92.77,39.02,NA,FALSE,18.18,NA
24674,63,391,141,NA,2004-06-15 00:00:00,"00:00:00",96,1072,16.85,"",NA,4,"SLA",6,-92.77,39.02,NA,FALSE,16.85,NA
38502,414,624,1310,"ambient CO2 low temp",1998-01-01 00:00:00,"00:00:00",NA,1080,31.3,"SE",2.7,NA,"SLA",1,-93.18,44.98,TRUE,TRUE,31.3,2.7
38503,414,624,1312,"ambient CO2 medium temp",1998-01-01 00:00:00,"00:00:00",NA,1080,34.6,"SE",2.1,NA,"SLA",1,-93.18,44.98,FALSE,TRUE,34.6,2.1
38504,414,624,1314,"ambient CO2 high temp",1998-01-01 00:00:00,"00:00:00",NA,1080,37.5,"SE",0.9,NA,"SLA",1,-93.18,44.98,FALSE,TRUE,37.5,0.9
38505,414,624,1311,"elevated CO2 low temp",1998-01-01 00:00:00,"00:00:00",NA,1080,31.3,"SE",6.9,NA,"SLA",1,-93.18,44.98,FALSE,TRUE,31.3,6.9
38506,414,624,1313,"elevated CO2 medium temp",1998-01-01 00:00:00,"00:00:00",NA,1080,27.2,"SE",0.4,NA,"SLA",1,-93.18,44.98,FALSE,TRUE,27.2,0.4
38507,414,624,1315,"elevated CO2 high temp",1998-01-01 00:00:00,"00:00:00",NA,1080,29.2,"SE",1.8,NA,"SLA",1,-93.18,44.98,FALSE,TRUE,29.2,1.8
38670,415,630,1316,"Observational",NA,"00:00:00",NA,1072,10.9,"",NA,NA,"SLA",NA,-89.4293,43.0399,TRUE,FALSE,10.9,NA
38671,415,630,1316,"Observational",NA,"00:00:00",NA,1080,12.1,"",NA,NA,"SLA",NA,-89.4293,43.0399,TRUE,FALSE,12.1,NA
40571,470,624,1459,"Light",1994-06-29 05:00:00,"00:00:00",NA,1080,66.2,"SE",7.1,3,"SLA",6,-93.18,44.98,FALSE,TRUE,66.2,7.1
38949,426,641,1337,"High light low nutrients",2003-01-01 00:00:00,"00:00:00",NA,1076,33.0553145770239,"SE",1.31468439119094,3,"LMA",1,-79.394532,43.663349,TRUE,TRUE,0.0303,0.0012
38950,426,641,1335,"High light high nutrients",2003-01-01 00:00:00,"00:00:00",NA,1076,44.1075415450854,"SE",3.34361361661514,3,"LMA",1,-79.394532,43.663349,TRUE,TRUE,0.0228,0.0017
44174,563,863,1675,"observational",NA,"00:00:00",NA,2860,14.9287060014314,"SE",0.222872557221372,3,"LMA",NA,175.618511,-40.348268,TRUE,TRUE,0.067,0.001
44716,603,796,1779,"observational",NA,"00:00:00",NA,1080,15.2507194498665,"SE",0.322425297572371,3,"LMA",NA,-71.288077,44.06464,TRUE,FALSE,0.0656,0.0013856406460551
25388,51,NA,1,"observational",NA,"00:00:00",NA,1072,49.9778138473897,"SE",1.69416318126745,2,"Vcmax",NA,NA,NA,TRUE,NA,59,2
25389,51,NA,1,"observational",NA,"00:00:00",NA,2808,43,"SE",5,2,"Vcmax",NA,NA,NA,TRUE,NA,43,5
25390,51,NA,1,"observational",NA,"00:00:00",NA,2809,131.78208240918,"SE",8.31058177355188,1,"Vcmax",NA,NA,NA,TRUE,NA,111,7
25391,51,NA,1,"observational",NA,"00:00:00",NA,1076,72,"SE",4,1,"Vcmax",NA,NA,NA,TRUE,NA,72,4
25392,51,NA,1,"observational",NA,"00:00:00",NA,1080,20.3299581752094,"SE",1.69416318126745,1,"Vcmax",NA,NA,NA,TRUE,NA,24,2
37512,381,602,1220,"observational",2010-06-01 00:00:00,"00:00:00",NA,1072,78.4088,"SE",6.30490671207751,5,"Vcmax",6,NA,NA,TRUE,NA,78.4088,6.30490671207751
39547,441,674,1403,"Observational",NA,"00:00:00",NA,1080,42,"",NA,NA,"Vcmax",NA,-147.87,64.82,TRUE,NA,42,NA
39549,441,674,1403,"Observational",NA,"00:00:00",NA,39387,42,"",NA,NA,"Vcmax",NA,-147.87,64.82,TRUE,NA,42,NA
41497,483,637,1513,"control",2002-06-01 05:00:00,"00:00:00",NA,1069,66.67,"SE",2.19393102292058,3,"Vcmax",6,11.85,42.616667,TRUE,TRUE,66.67,2.19393102292058
41498,483,637,1514,"elevated co2",2002-06-01 05:00:00,"00:00:00",NA,1069,60.65,"SE",2.82901631902917,3,"Vcmax",6,11.85,42.616667,FALSE,TRUE,60.65,2.82901631902917
41499,483,637,1513,"control",2002-06-01 05:00:00,"00:00:00",NA,2579,67.76,"SE",3.46410161513775,3,"Vcmax",6,11.85,42.616667,TRUE,TRUE,67.76,3.46410161513775
41500,483,637,1514,"elevated co2",2002-06-01 05:00:00,"00:00:00",NA,2579,48.09,"SE",3.81051177665153,3,"Vcmax",6,11.85,42.616667,FALSE,TRUE,48.09,3.81051177665153
41501,483,637,1513,"control",2002-06-01 05:00:00,"00:00:00",NA,1073,72.13,"SE",2.82901631902917,3,"Vcmax",6,11.85,42.616667,TRUE,TRUE,72.13,2.82901631902917
41502,483,637,1514,"elevated co2",2002-06-01 05:00:00,"00:00:00",NA,1073,59.02,"SE",3.81051177665153,3,"Vcmax",6,11.85,42.616667,FALSE,TRUE,59.02,3.81051177665153
44061,563,863,1675,"observational",NA,"00:00:00",NA,2860,46,"SE",5.8,3,"Vcmax",NA,175.618511,-40.348268,TRUE,TRUE,46,5.8
44621,601,852,1764,"ambient CO2/Low Temp",NA,"00:00:00",NA,1080,150.565154195211,"SE",11.3491322257697,3,"Vcmax",NA,-89.6167,45.667,TRUE,FALSE,199,15
44622,601,852,1774,"elevated CO2/Low Temp",NA,"00:00:00",NA,1080,113.491322257697,"SE",23.4548732665907,3,"Vcmax",NA,-89.6167,45.667,FALSE,FALSE,150,31
44623,601,852,1773,"ambient CO2/High Temp",NA,"00:00:00",NA,1080,94.0551239504653,"SE",12.0070371000594,3,"Vcmax",NA,-89.6167,45.667,FALSE,FALSE,141,18
44624,601,852,1765,"elevated CO2/High Temp",NA,"00:00:00",NA,1080,114.733910067234,"SE",5.33646093335973,3,"Vcmax",NA,-89.6167,45.667,FALSE,FALSE,172,8
44625,601,852,1764,"ambient CO2/Low Temp",NA,"00:00:00",NA,1080,121.814019223261,"SE",37.0738319375143,3,"Vcmax",NA,-89.6167,45.667,TRUE,FALSE,161,49
44626,601,852,1774,"elevated CO2/Low Temp",NA,"00:00:00",NA,1080,181.586115612315,"SE",37.8304407525656,3,"Vcmax",NA,-89.6167,45.667,FALSE,FALSE,240,50
44627,601,852,1773,"ambient CO2/High Temp",NA,"00:00:00",NA,1080,63.3704735836468,"SE",18.0105556500891,3,"Vcmax",NA,-89.6167,45.667,FALSE,FALSE,95,27
50650,489,311,1518,"warm temperature regime (25/18)",NA,NA,NA,1072,92.1301689906127,"",NA,1,"Vcmax",NA,-89.423525,43.077455,TRUE,TRUE,94.34,NA
50651,489,311,1518,"warm temperature regime (25/18)",NA,NA,NA,1072,93.9621344650689,"",NA,2,"Vcmax",NA,-89.423525,43.077455,TRUE,TRUE,95.1,NA
50652,489,311,1518,"warm temperature regime (25/18)",NA,NA,NA,1072,107.217585105662,"",NA,2,"Vcmax",NA,-89.423525,43.077455,TRUE,TRUE,111.25,NA
50653,489,311,1518,"warm temperature regime (25/18)",NA,NA,NA,1072,100.050441714106,"",NA,2,"Vcmax",NA,-89.423525,43.077455,TRUE,TRUE,104.35,NA
50654,489,311,1518,"warm temperature regime (25/18)",NA,NA,NA,1072,130.707626818803,"",NA,1,"Vcmax",NA,-89.423525,43.077455,TRUE,TRUE,135.24,NA
50655,489,311,1518,"warm temperature regime (25/18)",NA,NA,NA,1072,117.203285473253,"",NA,2,"Vcmax",NA,-89.423525,43.077455,TRUE,TRUE,120.75,NA
50656,489,311,1518,"warm temperature regime (25/18)",NA,NA,NA,1072,101.848026023559,"",NA,1,"Vcmax",NA,-89.423525,43.077455,TRUE,TRUE,104.16,NA
50657,489,311,1518,"warm temperature regime (25/18)",NA,NA,NA,1072,91.4520519299083,"",NA,2,"Vcmax",NA,-89.423525,43.077455,TRUE,TRUE,96.65,NA
50658,489,311,1518,"warm temperature regime (25/18)",NA,NA,NA,1072,111.590304603503,"",NA,2,"Vcmax",NA,-89.423525,43.077455,TRUE,TRUE,113.29,NA
50659,489,311,1518,"warm temperature regime (25/18)",NA,NA,NA,1072,96.6827587342411,"",NA,1,"Vcmax",NA,-89.423525,43.077455,TRUE,TRUE,99.67,NA
50660,489,311,1518,"warm temperature regime (25/18)",NA,NA,NA,1072,74.5131458667659,"",NA,2,"Vcmax",NA,-89.423525,43.077455,TRUE,TRUE,76.69,NA
50661,489,311,1518,"warm temperature regime (25/18)",NA,NA,NA,1072,98.1623814482952,"",NA,2,"Vcmax",NA,-89.423525,43.077455,TRUE,TRUE,100.07,NA
50662,489,311,1518,"warm temperature regime (25/18)",NA,NA,NA,1072,115.102526937754,"",NA,2,"Vcmax",NA,-89.423525,43.077455,TRUE,TRUE,119,NA
50663,489,311,1518,"warm temperature regime (25/18)",NA,NA,NA,1072,100.083164389423,"",NA,2,"Vcmax",NA,-89.423525,43.077455,TRUE,TRUE,100.46,NA
50702,489,311,1519,"hot temperature regime (30/23)",NA,NA,NA,1072,101.180750783821,"",NA,1,"Vcmax",NA,-89.423525,43.077455,FALSE,TRUE,118.47,NA
50703,489,311,1519,"hot temperature regime (30/23)",NA,NA,NA,1072,121.859311099283,"",NA,1,"Vcmax",NA,-89.423525,43.077455,FALSE,TRUE,139.39,NA
50704,489,311,1519,"hot temperature regime (30/23)",NA,NA,NA,1072,113.580203111324,"",NA,1,"Vcmax",NA,-89.423525,43.077455,FALSE,TRUE,135.23,NA
50705,489,311,1519,"hot temperature regime (30/23)",NA,NA,NA,1072,109.416573757293,"",NA,2,"Vcmax",NA,-89.423525,43.077455,FALSE,TRUE,127.33,NA
50706,489,311,1519,"hot temperature regime (30/23)",NA,NA,NA,1072,116.44213423867,"",NA,2,"Vcmax",NA,-89.423525,43.077455,FALSE,TRUE,136.51,NA
50707,489,311,1519,"hot temperature regime (30/23)",NA,NA,NA,1072,122.634832880902,"",NA,2,"Vcmax",NA,-89.423525,43.077455,FALSE,TRUE,144.16,NA
50708,489,311,1519,"hot temperature regime (30/23)",NA,NA,NA,1072,120.787004861796,"",NA,2,"Vcmax",NA,-89.423525,43.077455,FALSE,TRUE,138.77,NA
50709,489,311,1519,"hot temperature regime (30/23)",NA,NA,NA,1072,125.744470863939,"",NA,2,"Vcmax",NA,-89.423525,43.077455,FALSE,TRUE,146.66,NA
50710,489,311,1519,"hot temperature regime (30/23)",NA,NA,NA,1072,110.173508586115,"",NA,2,"Vcmax",NA,-89.423525,43.077455,FALSE,TRUE,129.3,NA
50711,489,311,1519,"hot temperature regime (30/23)",NA,NA,NA,1072,138.331336942118,"",NA,1,"Vcmax",NA,-89.423525,43.077455,FALSE,TRUE,165.06,NA
50712,489,311,1519,"hot temperature regime (30/23)",NA,NA,NA,1072,122.666966520782,"",NA,1,"Vcmax",NA,-89.423525,43.077455,FALSE,TRUE,144.4,NA
50713,489,311,1519,"hot temperature regime (30/23)",NA,NA,NA,1072,103.495091986643,"",NA,2,"Vcmax",NA,-89.423525,43.077455,FALSE,TRUE,124.18,NA
50714,489,311,1519,"hot temperature regime (30/23)",NA,NA,NA,1072,126.093091928316,"",NA,2,"Vcmax",NA,-89.423525,43.077455,FALSE,TRUE,147.59,NA
50715,489,311,1519,"hot temperature regime (30/23)",NA,NA,NA,1072,111.863042485966,"",NA,2,"Vcmax",NA,-89.423525,43.077455,FALSE,TRUE,134.32,NA
50716,489,311,1519,"hot temperature regime (30/23)",NA,NA,NA,1072,127.956617977075,"",NA,2,"Vcmax",NA,-89.423525,43.077455,FALSE,TRUE,150.03,NA
50717,489,311,1519,"hot temperature regime (30/23)",NA,NA,NA,1072,89.3838816933224,"",NA,2,"Vcmax",NA,-89.423525,43.077455,FALSE,TRUE,106.25,NA
50718,489,311,1519,"hot temperature regime (30/23)",NA,NA,NA,1072,119.712049482856,"",NA,2,"Vcmax",NA,-89.423525,43.077455,FALSE,TRUE,144.22,NA
50770,489,311,1517,"cool temperature regime (20/13)",NA,NA,NA,1072,85.5666429474115,"",NA,1,"Vcmax",NA,-89.423525,43.077455,FALSE,TRUE,75.25,NA
50771,489,311,1517,"cool temperature regime (20/13)",NA,NA,NA,1072,91.5034244852465,"",NA,1,"Vcmax",NA,-89.423525,43.077455,FALSE,TRUE,81.37,NA
50772,489,311,1517,"cool temperature regime (20/13)",NA,NA,NA,1072,88.2396271131652,"",NA,2,"Vcmax",NA,-89.423525,43.077455,FALSE,TRUE,77.79,NA
50773,489,311,1517,"cool temperature regime (20/13)",NA,NA,NA,1072,88.8522835935285,"",NA,2,"Vcmax",NA,-89.423525,43.077455,FALSE,TRUE,79.01,NA
50774,489,311,1517,"cool temperature regime (20/13)",NA,NA,NA,1072,78.3181016021095,"",NA,1,"Vcmax",NA,-89.423525,43.077455,FALSE,TRUE,68.92,NA
50775,489,311,1517,"cool temperature regime (20/13)",NA,NA,NA,1072,84.8442898897317,"",NA,1,"Vcmax",NA,-89.423525,43.077455,FALSE,TRUE,74.56,NA
50776,489,311,1517,"cool temperature regime (20/13)",NA,NA,NA,1072,73.1400720779704,"",NA,2,"Vcmax",NA,-89.423525,43.077455,FALSE,TRUE,64.67,NA
50777,489,311,1517,"cool temperature regime (20/13)",NA,NA,NA,1072,89.5009099732441,"",NA,2,"Vcmax",NA,-89.423525,43.077455,FALSE,TRUE,79.52,NA
50778,489,311,1517,"cool temperature regime (20/13)",NA,NA,NA,1072,89.6129128974282,"",NA,2,"Vcmax",NA,-89.423525,43.077455,FALSE,TRUE,79.97,NA
50779,489,311,1517,"cool temperature regime (20/13)",NA,NA,NA,1072,88.3858306657018,"",NA,2,"Vcmax",NA,-89.423525,43.077455,FALSE,TRUE,78.05,NA
50780,489,311,1517,"cool temperature regime (20/13)",NA,NA,NA,1072,82.6378157701018,"",NA,2,"Vcmax",NA,-89.423525,43.077455,FALSE,TRUE,73.35,NA
50781,489,311,1517,"cool temperature regime (20/13)",NA,NA,NA,1072,81.9528495112848,"",NA,2,"Vcmax",NA,-89.423525,43.077455,FALSE,TRUE,72.9,NA
50782,489,311,1517,"cool temperature regime (20/13)",NA,NA,NA,1072,86.9989059035703,"",NA,2,"Vcmax",NA,-89.423525,43.077455,FALSE,TRUE,77,NA
50783,489,311,1517,"cool temperature regime (20/13)",NA,NA,NA,1072,64.5834160649529,"",NA,2,"Vcmax",NA,-89.423525,43.077455,FALSE,TRUE,58.01,NA
50784,489,311,1517,"cool temperature regime (20/13)",NA,NA,NA,1072,82.1893805753084,"",NA,1,"Vcmax",NA,-89.423525,43.077455,FALSE,TRUE,73.66,NA
50785,489,311,1517,"cool temperature regime (20/13)",NA,NA,NA,1072,86.7584350752266,"",NA,2,"Vcmax",NA,-89.423525,43.077455,FALSE,TRUE,76.81,NA
50786,489,311,1517,"cool temperature regime (20/13)",NA,NA,NA,1072,81.304651222007,"",NA,1,"Vcmax",NA,-89.423525,43.077455,FALSE,TRUE,73.41,NA
50787,489,311,1517,"cool temperature regime (20/13)",NA,NA,NA,1072,79.3638852551369,"",NA,2,"Vcmax",NA,-89.423525,43.077455,FALSE,TRUE,68.6,NA
50842,489,311,1518,"warm temperature regime (25/18)",NA,NA,NA,1080,68.9737646115777,"",NA,1,"Vcmax",NA,-89.423525,43.077455,TRUE,TRUE,70.73,NA
50843,489,311,1518,"warm temperature regime (25/18)",NA,NA,NA,1080,61.5751980457705,"",NA,1,"Vcmax",NA,-89.423525,43.077455,TRUE,TRUE,61.97,NA
50844,489,311,1518,"warm temperature regime (25/18)",NA,NA,NA,1080,100.198599199205,"",NA,2,"Vcmax",NA,-89.423525,43.077455,TRUE,TRUE,101.55,NA
50845,489,311,1518,"warm temperature regime (25/18)",NA,NA,NA,1080,64.6978927088532,"",NA,1,"Vcmax",NA,-89.423525,43.077455,TRUE,TRUE,65.83,NA
50846,489,311,1518,"warm temperature regime (25/18)",NA,NA,NA,1080,73.8627961067838,"",NA,1,"Vcmax",NA,-89.423525,43.077455,TRUE,TRUE,76.37,NA
50859,489,311,1519,"hot temperature regime (30/23)",NA,NA,NA,1080,89.2053635508236,"",NA,1,"Vcmax",NA,-89.423525,43.077455,FALSE,TRUE,106.65,NA
50860,489,311,1519,"hot temperature regime (30/23)",NA,NA,NA,1080,104.066280832698,"",NA,1,"Vcmax",NA,-89.423525,43.077455,FALSE,TRUE,125.15,NA
50861,489,311,1519,"hot temperature regime (30/23)",NA,NA,NA,1080,125.309446947958,"",NA,2,"Vcmax",NA,-89.423525,43.077455,FALSE,TRUE,151.47,NA
50862,489,311,1519,"hot temperature regime (30/23)",NA,NA,NA,1080,83.007394338963,"",NA,1,"Vcmax",NA,-89.423525,43.077455,FALSE,TRUE,98.42,NA
50863,489,311,1519,"hot temperature regime (30/23)",NA,NA,NA,1080,60.7633190102369,"",NA,1,"Vcmax",NA,-89.423525,43.077455,FALSE,TRUE,73.77,NA
50864,489,311,1519,"hot temperature regime (30/23)",NA,NA,NA,1080,65.7714675163323,"",NA,2,"Vcmax",NA,-89.423525,43.077455,FALSE,TRUE,79.45,NA
50865,489,311,1519,"hot temperature regime (30/23)",NA,NA,NA,1080,82.7880573915399,"",NA,2,"Vcmax",NA,-89.423525,43.077455,FALSE,TRUE,97.31,NA
50866,489,311,1519,"hot temperature regime (30/23)",NA,NA,NA,1080,91.6874097874008,"",NA,1,"Vcmax",NA,-89.423525,43.077455,FALSE,TRUE,110.71,NA
50867,489,311,1519,"hot temperature regime (30/23)",NA,NA,NA,1080,109.210504818214,"",NA,1,"Vcmax",NA,-89.423525,43.077455,FALSE,TRUE,132.69,NA
50893,489,311,1517,"cool temperature regime (20/13)",NA,NA,NA,1080,49.6980083335112,"",NA,1,"Vcmax",NA,-89.423525,43.077455,FALSE,TRUE,44.23,NA
50894,489,311,1517,"cool temperature regime (20/13)",NA,NA,NA,1080,68.4133138483316,"",NA,2,"Vcmax",NA,-89.423525,43.077455,FALSE,TRUE,62.05,NA
50895,489,311,1517,"cool temperature regime (20/13)",NA,NA,NA,1080,61.1056092991817,"",NA,1,"Vcmax",NA,-89.423525,43.077455,FALSE,TRUE,54.83,NA
50896,489,311,1517,"cool temperature regime (20/13)",NA,NA,NA,1080,60.3448599358697,"",NA,2,"Vcmax",NA,-89.423525,43.077455,FALSE,TRUE,54.86,NA
50897,489,311,1517,"cool temperature regime (20/13)",NA,NA,NA,1080,50.0812865603738,"",NA,1,"Vcmax",NA,-89.423525,43.077455,FALSE,TRUE,45.56,NA
50898,489,311,1517,"cool temperature regime (20/13)",NA,NA,NA,1080,87.6352852698513,"",NA,1,"Vcmax",NA,-89.423525,43.077455,FALSE,TRUE,78.94,NA
50899,489,311,1517,"cool temperature regime (20/13)",NA,NA,NA,1080,73.0446403275565,"",NA,2,"Vcmax",NA,-89.423525,43.077455,FALSE,TRUE,65.53,NA
50900,489,311,1517,"cool temperature regime (20/13)",NA,NA,NA,1080,51.0712700847861,"",NA,1,"Vcmax",NA,-89.423525,43.077455,FALSE,TRUE,44.59,NA
50901,489,311,1517,"cool temperature regime (20/13)",NA,NA,NA,1080,39.7753772733399,"",NA,1,"Vcmax",NA,-89.423525,43.077455,FALSE,TRUE,33.96,NA
50902,489,311,1517,"cool temperature regime (20/13)",NA,NA,NA,1080,57.0960248218829,"",NA,1,"Vcmax",NA,-89.423525,43.077455,FALSE,TRUE,52.07,NA
50903,489,311,1517,"cool temperature regime (20/13)",NA,NA,NA,1080,54.1506473929613,"",NA,1,"Vcmax",NA,-89.423525,43.077455,FALSE,TRUE,49.52,NA
24581,63,391,141,NA,2004-06-15 00:00:00,"00:00:00",92,2860,1.23,"",NA,4,"leaf_respiration_rate_m2",6,-92.77,39.02,NA,FALSE,1.23,NA
24582,63,391,141,NA,2004-06-15 00:00:00,"00:00:00",93,2860,1.23,"",NA,4,"leaf_respiration_rate_m2",6,-92.77,39.02,NA,FALSE,1.23,NA
24583,63,391,141,NA,2004-06-15 00:00:00,"00:00:00",94,1072,1.22,"",NA,4,"leaf_respiration_rate_m2",6,-92.77,39.02,NA,FALSE,1.22,NA
24584,63,391,141,NA,2004-06-15 00:00:00,"00:00:00",95,1072,1.3,"",NA,4,"leaf_respiration_rate_m2",6,-92.77,39.02,NA,FALSE,1.3,NA
24585,63,391,141,NA,2004-06-15 00:00:00,"00:00:00",96,1072,1.25,"",NA,4,"leaf_respiration_rate_m2",6,-92.77,39.02,NA,FALSE,1.25,NA
37554,381,602,1220,"observational",2010-06-01 00:00:00,"00:00:00",NA,1072,3.8364,"SE",0.524939318397851,5,"leaf_respiration_rate_m2",6,NA,NA,TRUE,NA,3.8364,0.524939318397851
38955,426,641,1335,"High light high nutrients",2003-01-01 00:00:00,"00:00:00",NA,1076,1.3,"SE",0.2,3,"leaf_respiration_rate_m2",1,-79.394532,43.663349,TRUE,TRUE,1.3,0.2
38956,426,641,1337,"High light low nutrients",2003-01-01 00:00:00,"00:00:00",NA,1076,1,"SE",0.2,3,"leaf_respiration_rate_m2",1,-79.394532,43.663349,TRUE,TRUE,1,0.2
40901,470,624,1459,"Light",1994-06-01 05:00:00,"00:00:00",NA,1080,0.266226113428567,"SE",0.402891927635745,3,"leaf_respiration_rate_m2",6,-93.18,44.98,FALSE,TRUE,0.2885,0.4366
50674,489,311,1518,"warm temperature regime (25/18)",NA,NA,NA,1072,1.23048561509616,"",NA,1,"leaf_respiration_rate_m2",NA,-89.423525,43.077455,TRUE,TRUE,1.26,NA
50675,489,311,1518,"warm temperature regime (25/18)",NA,NA,NA,1072,0.948513660215207,"",NA,2,"leaf_respiration_rate_m2",NA,-89.423525,43.077455,TRUE,TRUE,0.96,NA
50676,489,311,1518,"warm temperature regime (25/18)",NA,NA,NA,1072,2.74669768585291,"",NA,2,"leaf_respiration_rate_m2",NA,-89.423525,43.077455,TRUE,TRUE,2.85,NA
50677,489,311,1518,"warm temperature regime (25/18)",NA,NA,NA,1072,2.99144588546248,"",NA,2,"leaf_respiration_rate_m2",NA,-89.423525,43.077455,TRUE,TRUE,3.12,NA
50678,489,311,1518,"warm temperature regime (25/18)",NA,NA,NA,1072,3.90460523771047,"",NA,1,"leaf_respiration_rate_m2",NA,-89.423525,43.077455,TRUE,TRUE,4.04,NA
50679,489,311,1518,"warm temperature regime (25/18)",NA,NA,NA,1072,1.66947951150306,"",NA,2,"leaf_respiration_rate_m2",NA,-89.423525,43.077455,TRUE,TRUE,1.72,NA
50680,489,311,1518,"warm temperature regime (25/18)",NA,NA,NA,1072,0.694240576773495,"",NA,1,"leaf_respiration_rate_m2",NA,-89.423525,43.077455,TRUE,TRUE,0.71,NA
50681,489,311,1518,"warm temperature regime (25/18)",NA,NA,NA,1072,0.851596965720822,"",NA,2,"leaf_respiration_rate_m2",NA,-89.423525,43.077455,TRUE,TRUE,0.9,NA
50682,489,311,1518,"warm temperature regime (25/18)",NA,NA,NA,1072,1.06379670731559,"",NA,2,"leaf_respiration_rate_m2",NA,-89.423525,43.077455,TRUE,TRUE,1.08,NA
50683,489,311,1518,"warm temperature regime (25/18)",NA,NA,NA,1072,0.494714627816424,"",NA,1,"leaf_respiration_rate_m2",NA,-89.423525,43.077455,TRUE,TRUE,0.51,NA
50684,489,311,1518,"warm temperature regime (25/18)",NA,NA,NA,1072,0.437226700222254,"",NA,2,"leaf_respiration_rate_m2",NA,-89.423525,43.077455,TRUE,TRUE,0.45,NA
50685,489,311,1518,"warm temperature regime (25/18)",NA,NA,NA,1072,0.863224699455379,"",NA,2,"leaf_respiration_rate_m2",NA,-89.423525,43.077455,TRUE,TRUE,0.88,NA
50686,489,311,1518,"warm temperature regime (25/18)",NA,NA,NA,1072,1.12200782561172,"",NA,2,"leaf_respiration_rate_m2",NA,-89.423525,43.077455,TRUE,TRUE,1.16,NA
50687,489,311,1518,"warm temperature regime (25/18)",NA,NA,NA,1072,0.657524273312951,"",NA,2,"leaf_respiration_rate_m2",NA,-89.423525,43.077455,TRUE,TRUE,0.66,NA
50736,489,311,1519,"hot temperature regime (30/23)",NA,NA,NA,1072,0.614924795850016,"",NA,1,"leaf_respiration_rate_m2",NA,-89.423525,43.077455,FALSE,TRUE,0.72,NA
50737,489,311,1519,"hot temperature regime (30/23)",NA,NA,NA,1072,0.996625401055903,"",NA,1,"leaf_respiration_rate_m2",NA,-89.423525,43.077455,FALSE,TRUE,1.14,NA
50738,489,311,1519,"hot temperature regime (30/23)",NA,NA,NA,1072,0.974288512971499,"",NA,1,"leaf_respiration_rate_m2",NA,-89.423525,43.077455,FALSE,TRUE,1.16,NA
50739,489,311,1519,"hot temperature regime (30/23)",NA,NA,NA,1072,0.524182125123291,"",NA,2,"leaf_respiration_rate_m2",NA,-89.423525,43.077455,FALSE,TRUE,0.61,NA
50740,489,311,1519,"hot temperature regime (30/23)",NA,NA,NA,1072,0.690924684882591,"",NA,2,"leaf_respiration_rate_m2",NA,-89.423525,43.077455,FALSE,TRUE,0.81,NA
50741,489,311,1519,"hot temperature regime (30/23)",NA,NA,NA,1072,0.825165010366779,"",NA,2,"leaf_respiration_rate_m2",NA,-89.423525,43.077455,FALSE,TRUE,0.97,NA
50742,489,311,1519,"hot temperature regime (30/23)",NA,NA,NA,1072,0.931340312762999,"",NA,2,"leaf_respiration_rate_m2",NA,-89.423525,43.077455,FALSE,TRUE,1.07,NA
50743,489,311,1519,"hot temperature regime (30/23)",NA,NA,NA,1072,1.02886516457607,"",NA,2,"leaf_respiration_rate_m2",NA,-89.423525,43.077455,FALSE,TRUE,1.2,NA
50744,489,311,1519,"hot temperature regime (30/23)",NA,NA,NA,1072,0.306747587710761,"",NA,2,"leaf_respiration_rate_m2",NA,-89.423525,43.077455,FALSE,TRUE,0.36,NA
50745,489,311,1519,"hot temperature regime (30/23)",NA,NA,NA,1072,0.963777035523059,"",NA,1,"leaf_respiration_rate_m2",NA,-89.423525,43.077455,FALSE,TRUE,1.15,NA
50746,489,311,1519,"hot temperature regime (30/23)",NA,NA,NA,1072,0.722070093785768,"",NA,1,"leaf_respiration_rate_m2",NA,-89.423525,43.077455,FALSE,TRUE,0.85,NA
50747,489,311,1519,"hot temperature regime (30/23)",NA,NA,NA,1072,0.650073858508468,"",NA,2,"leaf_respiration_rate_m2",NA,-89.423525,43.077455,FALSE,TRUE,0.78,NA
50748,489,311,1519,"hot temperature regime (30/23)",NA,NA,NA,1072,1.09356431782807,"",NA,2,"leaf_respiration_rate_m2",NA,-89.423525,43.077455,FALSE,TRUE,1.28,NA
50749,489,311,1519,"hot temperature regime (30/23)",NA,NA,NA,1072,1.09098113204746,"",NA,2,"leaf_respiration_rate_m2",NA,-89.423525,43.077455,FALSE,TRUE,1.31,NA
50750,489,311,1519,"hot temperature regime (30/23)",NA,NA,NA,1072,0.955218370554719,"",NA,2,"leaf_respiration_rate_m2",NA,-89.423525,43.077455,FALSE,TRUE,1.12,NA
50751,489,311,1519,"hot temperature regime (30/23)",NA,NA,NA,1072,0.706658452916619,"",NA,2,"leaf_respiration_rate_m2",NA,-89.423525,43.077455,FALSE,TRUE,0.84,NA
50752,489,311,1519,"hot temperature regime (30/23)",NA,NA,NA,1072,0.987777970355001,"",NA,2,"leaf_respiration_rate_m2",NA,-89.423525,43.077455,FALSE,TRUE,1.19,NA
50806,489,311,1517,"cool temperature regime (20/13)",NA,NA,NA,1072,1.46685673624134,"",NA,1,"leaf_respiration_rate_m2",NA,-89.423525,43.077455,FALSE,TRUE,1.29,NA
50807,489,311,1517,"cool temperature regime (20/13)",NA,NA,NA,1072,1.66431200980908,"",NA,1,"leaf_respiration_rate_m2",NA,-89.423525,43.077455,FALSE,TRUE,1.48,NA
50808,489,311,1517,"cool temperature regime (20/13)",NA,NA,NA,1072,0.862091741946337,"",NA,2,"leaf_respiration_rate_m2",NA,-89.423525,43.077455,FALSE,TRUE,0.76,NA
50809,489,311,1517,"cool temperature regime (20/13)",NA,NA,NA,1072,1.5519067378695,"",NA,2,"leaf_respiration_rate_m2",NA,-89.423525,43.077455,FALSE,TRUE,1.38,NA
50810,489,311,1517,"cool temperature regime (20/13)",NA,NA,NA,1072,0.784090105999065,"",NA,1,"leaf_respiration_rate_m2",NA,-89.423525,43.077455,FALSE,TRUE,0.69,NA
50811,489,311,1517,"cool temperature regime (20/13)",NA,NA,NA,1072,0.876208465867669,"",NA,1,"leaf_respiration_rate_m2",NA,-89.423525,43.077455,FALSE,TRUE,0.77,NA
50812,489,311,1517,"cool temperature regime (20/13)",NA,NA,NA,1072,0.565486872413564,"",NA,2,"leaf_respiration_rate_m2",NA,-89.423525,43.077455,FALSE,TRUE,0.5,NA
50813,489,311,1517,"cool temperature regime (20/13)",NA,NA,NA,1072,2.05969146442451,"",NA,2,"leaf_respiration_rate_m2",NA,-89.423525,43.077455,FALSE,TRUE,1.83,NA
50814,489,311,1517,"cool temperature regime (20/13)",NA,NA,NA,1072,1.62484336252683,"",NA,2,"leaf_respiration_rate_m2",NA,-89.423525,43.077455,FALSE,TRUE,1.45,NA
50815,489,311,1517,"cool temperature regime (20/13)",NA,NA,NA,1072,1.47215348962732,"",NA,2,"leaf_respiration_rate_m2",NA,-89.423525,43.077455,FALSE,TRUE,1.3,NA
50816,489,311,1517,"cool temperature regime (20/13)",NA,NA,NA,1072,1.48714269688527,"",NA,2,"leaf_respiration_rate_m2",NA,-89.423525,43.077455,FALSE,TRUE,1.32,NA
50817,489,311,1517,"cool temperature regime (20/13)",NA,NA,NA,1072,1.63006353623269,"",NA,2,"leaf_respiration_rate_m2",NA,-89.423525,43.077455,FALSE,TRUE,1.45,NA
50818,489,311,1517,"cool temperature regime (20/13)",NA,NA,NA,1072,1.23154295369989,"",NA,2,"leaf_respiration_rate_m2",NA,-89.423525,43.077455,FALSE,TRUE,1.09,NA
50819,489,311,1517,"cool temperature regime (20/13)",NA,NA,NA,1072,0.545524459090276,"",NA,2,"leaf_respiration_rate_m2",NA,-89.423525,43.077455,FALSE,TRUE,0.49,NA
50820,489,311,1517,"cool temperature regime (20/13)",NA,NA,NA,1072,1.20505743987691,"",NA,1,"leaf_respiration_rate_m2",NA,-89.423525,43.077455,FALSE,TRUE,1.08,NA
50821,489,311,1517,"cool temperature regime (20/13)",NA,NA,NA,1072,0.948796842379772,"",NA,2,"leaf_respiration_rate_m2",NA,-89.423525,43.077455,FALSE,TRUE,0.84,NA
50822,489,311,1517,"cool temperature regime (20/13)",NA,NA,NA,1072,0.786354752317463,"",NA,1,"leaf_respiration_rate_m2",NA,-89.423525,43.077455,FALSE,TRUE,0.71,NA
50823,489,311,1517,"cool temperature regime (20/13)",NA,NA,NA,1072,1.44613493540701,"",NA,2,"leaf_respiration_rate_m2",NA,-89.423525,43.077455,FALSE,TRUE,1.25,NA
50849,489,311,1518,"warm temperature regime (25/18)",NA,NA,NA,1080,0.57535022085156,"",NA,1,"leaf_respiration_rate_m2",NA,-89.423525,43.077455,TRUE,TRUE,0.59,NA
50850,489,311,1518,"warm temperature regime (25/18)",NA,NA,NA,1080,1.81834133328643,"",NA,1,"leaf_respiration_rate_m2",NA,-89.423525,43.077455,TRUE,TRUE,1.83,NA
50851,489,311,1518,"warm temperature regime (25/18)",NA,NA,NA,1080,3.02914524413156,"",NA,2,"leaf_respiration_rate_m2",NA,-89.423525,43.077455,TRUE,TRUE,3.07,NA
50852,489,311,1518,"warm temperature regime (25/18)",NA,NA,NA,1080,0.95331848591201,"",NA,1,"leaf_respiration_rate_m2",NA,-89.423525,43.077455,TRUE,TRUE,0.97,NA
50853,489,311,1518,"warm temperature regime (25/18)",NA,NA,NA,1080,3.33673754836198,"",NA,1,"leaf_respiration_rate_m2",NA,-89.423525,43.077455,TRUE,TRUE,3.45,NA
50875,489,311,1519,"hot temperature regime (30/23)",NA,NA,NA,1080,0.802973736603757,"",NA,1,"leaf_respiration_rate_m2",NA,-89.423525,43.077455,FALSE,TRUE,0.96,NA
50876,489,311,1519,"hot temperature regime (30/23)",NA,NA,NA,1080,1.15583004680344,"",NA,1,"leaf_respiration_rate_m2",NA,-89.423525,43.077455,FALSE,TRUE,1.39,NA
50877,489,311,1519,"hot temperature regime (30/23)",NA,NA,NA,1080,1.94412887256686,"",NA,2,"leaf_respiration_rate_m2",NA,-89.423525,43.077455,FALSE,TRUE,2.35,NA
50878,489,311,1519,"hot temperature regime (30/23)",NA,NA,NA,1080,0.809663671666373,"",NA,1,"leaf_respiration_rate_m2",NA,-89.423525,43.077455,FALSE,TRUE,0.96,NA
50879,489,311,1519,"hot temperature regime (30/23)",NA,NA,NA,1080,0.601290807611129,"",NA,1,"leaf_respiration_rate_m2",NA,-89.423525,43.077455,FALSE,TRUE,0.73,NA
50880,489,311,1519,"hot temperature regime (30/23)",NA,NA,NA,1080,0.653989418979264,"",NA,2,"leaf_respiration_rate_m2",NA,-89.423525,43.077455,FALSE,TRUE,0.79,NA
50881,489,311,1519,"hot temperature regime (30/23)",NA,NA,NA,1080,1.59093276458925,"",NA,2,"leaf_respiration_rate_m2",NA,-89.423525,43.077455,FALSE,TRUE,1.87,NA
50882,489,311,1519,"hot temperature regime (30/23)",NA,NA,NA,1080,0.869585225153742,"",NA,1,"leaf_respiration_rate_m2",NA,-89.423525,43.077455,FALSE,TRUE,1.05,NA
50883,489,311,1519,"hot temperature regime (30/23)",NA,NA,NA,1080,2.40330600700267,"",NA,1,"leaf_respiration_rate_m2",NA,-89.423525,43.077455,FALSE,TRUE,2.92,NA
50912,489,311,1517,"cool temperature regime (20/13)",NA,NA,NA,1080,1.16857175371584,"",NA,1,"leaf_respiration_rate_m2",NA,-89.423525,43.077455,FALSE,TRUE,1.04,NA
50913,489,311,1517,"cool temperature regime (20/13)",NA,NA,NA,1080,2.53586820066338,"",NA,2,"leaf_respiration_rate_m2",NA,-89.423525,43.077455,FALSE,TRUE,2.3,NA
50914,489,311,1517,"cool temperature regime (20/13)",NA,NA,NA,1080,1.34849146912292,"",NA,1,"leaf_respiration_rate_m2",NA,-89.423525,43.077455,FALSE,TRUE,1.21,NA
50915,489,311,1517,"cool temperature regime (20/13)",NA,NA,NA,1080,1.22097693271628,"",NA,2,"leaf_respiration_rate_m2",NA,-89.423525,43.077455,FALSE,TRUE,1.11,NA
50916,489,311,1517,"cool temperature regime (20/13)",NA,NA,NA,1080,1.2091618792013,"",NA,1,"leaf_respiration_rate_m2",NA,-89.423525,43.077455,FALSE,TRUE,1.1,NA
50917,489,311,1517,"cool temperature regime (20/13)",NA,NA,NA,1080,3.61909082822036,"",NA,1,"leaf_respiration_rate_m2",NA,-89.423525,43.077455,FALSE,TRUE,3.26,NA
50918,489,311,1517,"cool temperature regime (20/13)",NA,NA,NA,1080,3.66728012631864,"",NA,2,"leaf_respiration_rate_m2",NA,-89.423525,43.077455,FALSE,TRUE,3.29,NA
50919,489,311,1517,"cool temperature regime (20/13)",NA,NA,NA,1080,1.07663139447632,"",NA,1,"leaf_respiration_rate_m2",NA,-89.423525,43.077455,FALSE,TRUE,0.94,NA
50920,489,311,1517,"cool temperature regime (20/13)",NA,NA,NA,1080,0.819869378425733,"",NA,1,"leaf_respiration_rate_m2",NA,-89.423525,43.077455,FALSE,TRUE,0.7,NA
50921,489,311,1517,"cool temperature regime (20/13)",NA,NA,NA,1080,0.866254265590311,"",NA,1,"leaf_respiration_rate_m2",NA,-89.423525,43.077455,FALSE,TRUE,0.79,NA
50922,489,311,1517,"cool temperature regime (20/13)",NA,NA,NA,1080,1.23566703461321,"",NA,1,"leaf_respiration_rate_m2",NA,-89.423525,43.077455,FALSE,TRUE,1.13,NA
50664,489,311,1518,"warm temperature regime (25/18)",NA,NA,NA,1072,196.88,"",NA,1,"Jmax",NA,-89.423525,43.077455,TRUE,TRUE,196.88,NA
50665,489,311,1518,"warm temperature regime (25/18)",NA,NA,NA,1072,177.41,"",NA,2,"Jmax",NA,-89.423525,43.077455,TRUE,TRUE,177.41,NA
50666,489,311,1518,"warm temperature regime (25/18)",NA,NA,NA,1072,182.11,"",NA,1,"Jmax",NA,-89.423525,43.077455,TRUE,TRUE,182.11,NA
50667,489,311,1518,"warm temperature regime (25/18)",NA,NA,NA,1072,188.45,"",NA,2,"Jmax",NA,-89.423525,43.077455,TRUE,TRUE,188.45,NA
50668,489,311,1518,"warm temperature regime (25/18)",NA,NA,NA,1072,203.43,"",NA,2,"Jmax",NA,-89.423525,43.077455,TRUE,TRUE,203.43,NA
50669,489,311,1518,"warm temperature regime (25/18)",NA,NA,NA,1072,192.49,"",NA,1,"Jmax",NA,-89.423525,43.077455,TRUE,TRUE,192.49,NA
50670,489,311,1518,"warm temperature regime (25/18)",NA,NA,NA,1072,133.06,"",NA,2,"Jmax",NA,-89.423525,43.077455,TRUE,TRUE,133.06,NA
50671,489,311,1518,"warm temperature regime (25/18)",NA,NA,NA,1072,183.93,"",NA,2,"Jmax",NA,-89.423525,43.077455,TRUE,TRUE,183.93,NA
50672,489,311,1518,"warm temperature regime (25/18)",NA,NA,NA,1072,206.69,"",NA,2,"Jmax",NA,-89.423525,43.077455,TRUE,TRUE,206.69,NA
50673,489,311,1518,"warm temperature regime (25/18)",NA,NA,NA,1072,193.46,"",NA,2,"Jmax",NA,-89.423525,43.077455,TRUE,TRUE,193.46,NA
50719,489,311,1519,"hot temperature regime (30/23)",NA,NA,NA,1072,162.26,"",NA,1,"Jmax",NA,-89.423525,43.077455,FALSE,TRUE,162.26,NA
50720,489,311,1519,"hot temperature regime (30/23)",NA,NA,NA,1072,185.44,"",NA,1,"Jmax",NA,-89.423525,43.077455,FALSE,TRUE,185.44,NA
50721,489,311,1519,"hot temperature regime (30/23)",NA,NA,NA,1072,199.59,"",NA,1,"Jmax",NA,-89.423525,43.077455,FALSE,TRUE,199.59,NA
50722,489,311,1519,"hot temperature regime (30/23)",NA,NA,NA,1072,164.61,"",NA,2,"Jmax",NA,-89.423525,43.077455,FALSE,TRUE,164.61,NA
50723,489,311,1519,"hot temperature regime (30/23)",NA,NA,NA,1072,191.17,"",NA,2,"Jmax",NA,-89.423525,43.077455,FALSE,TRUE,191.17,NA
50724,489,311,1519,"hot temperature regime (30/23)",NA,NA,NA,1072,188.92,"",NA,2,"Jmax",NA,-89.423525,43.077455,FALSE,TRUE,188.92,NA
50725,489,311,1519,"hot temperature regime (30/23)",NA,NA,NA,1072,176.48,"",NA,2,"Jmax",NA,-89.423525,43.077455,FALSE,TRUE,176.48,NA
50726,489,311,1519,"hot temperature regime (30/23)",NA,NA,NA,1072,189.91,"",NA,2,"Jmax",NA,-89.423525,43.077455,FALSE,TRUE,189.91,NA
50727,489,311,1519,"hot temperature regime (30/23)",NA,NA,NA,1072,159.96,"",NA,2,"Jmax",NA,-89.423525,43.077455,FALSE,TRUE,159.96,NA
50728,489,311,1519,"hot temperature regime (30/23)",NA,NA,NA,1072,225.95,"",NA,1,"Jmax",NA,-89.423525,43.077455,FALSE,TRUE,225.95,NA
50729,489,311,1519,"hot temperature regime (30/23)",NA,NA,NA,1072,197.39,"",NA,1,"Jmax",NA,-89.423525,43.077455,FALSE,TRUE,197.39,NA
50730,489,311,1519,"hot temperature regime (30/23)",NA,NA,NA,1072,180.06,"",NA,2,"Jmax",NA,-89.423525,43.077455,FALSE,TRUE,180.06,NA
50731,489,311,1519,"hot temperature regime (30/23)",NA,NA,NA,1072,184.03,"",NA,2,"Jmax",NA,-89.423525,43.077455,FALSE,TRUE,184.03,NA
50732,489,311,1519,"hot temperature regime (30/23)",NA,NA,NA,1072,189.35,"",NA,2,"Jmax",NA,-89.423525,43.077455,FALSE,TRUE,189.35,NA
50733,489,311,1519,"hot temperature regime (30/23)",NA,NA,NA,1072,205.91,"",NA,2,"Jmax",NA,-89.423525,43.077455,FALSE,TRUE,205.91,NA
50734,489,311,1519,"hot temperature regime (30/23)",NA,NA,NA,1072,127.08,"",NA,2,"Jmax",NA,-89.423525,43.077455,FALSE,TRUE,127.08,NA
50735,489,311,1519,"hot temperature regime (30/23)",NA,NA,NA,1072,179.78,"",NA,2,"Jmax",NA,-89.423525,43.077455,FALSE,TRUE,179.78,NA
50788,489,311,1517,"cool temperature regime (20/13)",NA,NA,NA,1072,149.7,"",NA,1,"Jmax",NA,-89.423525,43.077455,FALSE,TRUE,149.7,NA
50789,489,311,1517,"cool temperature regime (20/13)",NA,NA,NA,1072,170.04,"",NA,1,"Jmax",NA,-89.423525,43.077455,FALSE,TRUE,170.04,NA
50790,489,311,1517,"cool temperature regime (20/13)",NA,NA,NA,1072,164.87,"",NA,2,"Jmax",NA,-89.423525,43.077455,FALSE,TRUE,164.87,NA
50791,489,311,1517,"cool temperature regime (20/13)",NA,NA,NA,1072,159.22,"",NA,2,"Jmax",NA,-89.423525,43.077455,FALSE,TRUE,159.22,NA
50792,489,311,1517,"cool temperature regime (20/13)",NA,NA,NA,1072,170.71,"",NA,1,"Jmax",NA,-89.423525,43.077455,FALSE,TRUE,170.71,NA
50793,489,311,1517,"cool temperature regime (20/13)",NA,NA,NA,1072,164.06,"",NA,1,"Jmax",NA,-89.423525,43.077455,FALSE,TRUE,164.06,NA
50794,489,311,1517,"cool temperature regime (20/13)",NA,NA,NA,1072,149.45,"",NA,2,"Jmax",NA,-89.423525,43.077455,FALSE,TRUE,149.45,NA
50795,489,311,1517,"cool temperature regime (20/13)",NA,NA,NA,1072,168.95,"",NA,2,"Jmax",NA,-89.423525,43.077455,FALSE,TRUE,168.95,NA
50796,489,311,1517,"cool temperature regime (20/13)",NA,NA,NA,1072,165.94,"",NA,2,"Jmax",NA,-89.423525,43.077455,FALSE,TRUE,165.94,NA
50797,489,311,1517,"cool temperature regime (20/13)",NA,NA,NA,1072,146.37,"",NA,2,"Jmax",NA,-89.423525,43.077455,FALSE,TRUE,146.37,NA
50798,489,311,1517,"cool temperature regime (20/13)",NA,NA,NA,1072,142.62,"",NA,2,"Jmax",NA,-89.423525,43.077455,FALSE,TRUE,142.62,NA
50799,489,311,1517,"cool temperature regime (20/13)",NA,NA,NA,1072,157.29,"",NA,2,"Jmax",NA,-89.423525,43.077455,FALSE,TRUE,157.29,NA
50800,489,311,1517,"cool temperature regime (20/13)",NA,NA,NA,1072,169.02,"",NA,2,"Jmax",NA,-89.423525,43.077455,FALSE,TRUE,169.02,NA
50801,489,311,1517,"cool temperature regime (20/13)",NA,NA,NA,1072,127.05,"",NA,2,"Jmax",NA,-89.423525,43.077455,FALSE,TRUE,127.05,NA
50802,489,311,1517,"cool temperature regime (20/13)",NA,NA,NA,1072,149.02,"",NA,1,"Jmax",NA,-89.423525,43.077455,FALSE,TRUE,149.02,NA
50803,489,311,1517,"cool temperature regime (20/13)",NA,NA,NA,1072,171.17,"",NA,2,"Jmax",NA,-89.423525,43.077455,FALSE,TRUE,171.17,NA
50804,489,311,1517,"cool temperature regime (20/13)",NA,NA,NA,1072,156.87,"",NA,1,"Jmax",NA,-89.423525,43.077455,FALSE,TRUE,156.87,NA
50805,489,311,1517,"cool temperature regime (20/13)",NA,NA,NA,1072,158.48,"",NA,2,"Jmax",NA,-89.423525,43.077455,FALSE,TRUE,158.48,NA
50847,489,311,1518,"warm temperature regime (25/18)",NA,NA,NA,1080,143.85,"",NA,1,"Jmax",NA,-89.423525,43.077455,TRUE,TRUE,143.85,NA
50848,489,311,1518,"warm temperature regime (25/18)",NA,NA,NA,1080,119.34,"",NA,1,"Jmax",NA,-89.423525,43.077455,TRUE,TRUE,119.34,NA
50868,489,311,1519,"hot temperature regime (30/23)",NA,NA,NA,1080,132.18,"",NA,1,"Jmax",NA,-89.423525,43.077455,FALSE,TRUE,132.18,NA
50869,489,311,1519,"hot temperature regime (30/23)",NA,NA,NA,1080,170.21,"",NA,1,"Jmax",NA,-89.423525,43.077455,FALSE,TRUE,170.21,NA
50870,489,311,1519,"hot temperature regime (30/23)",NA,NA,NA,1080,112.49,"",NA,1,"Jmax",NA,-89.423525,43.077455,FALSE,TRUE,112.49,NA
50871,489,311,1519,"hot temperature regime (30/23)",NA,NA,NA,1080,95.22,"",NA,1,"Jmax",NA,-89.423525,43.077455,FALSE,TRUE,95.22,NA
50872,489,311,1519,"hot temperature regime (30/23)",NA,NA,NA,1080,105.79,"",NA,2,"Jmax",NA,-89.423525,43.077455,FALSE,TRUE,105.79,NA
50873,489,311,1519,"hot temperature regime (30/23)",NA,NA,NA,1080,107.79,"",NA,2,"Jmax",NA,-89.423525,43.077455,FALSE,TRUE,107.79,NA
50874,489,311,1519,"hot temperature regime (30/23)",NA,NA,NA,1080,137.03,"",NA,1,"Jmax",NA,-89.423525,43.077455,FALSE,TRUE,137.03,NA
50904,489,311,1517,"cool temperature regime (20/13)",NA,NA,NA,1080,86.01,"",NA,1,"Jmax",NA,-89.423525,43.077455,FALSE,TRUE,86.01,NA
50905,489,311,1517,"cool temperature regime (20/13)",NA,NA,NA,1080,113.64,"",NA,1,"Jmax",NA,-89.423525,43.077455,FALSE,TRUE,113.64,NA
50906,489,311,1517,"cool temperature regime (20/13)",NA,NA,NA,1080,101.44,"",NA,2,"Jmax",NA,-89.423525,43.077455,FALSE,TRUE,101.44,NA
50907,489,311,1517,"cool temperature regime (20/13)",NA,NA,NA,1080,103.57,"",NA,1,"Jmax",NA,-89.423525,43.077455,FALSE,TRUE,103.57,NA
50908,489,311,1517,"cool temperature regime (20/13)",NA,NA,NA,1080,98.81,"",NA,1,"Jmax",NA,-89.423525,43.077455,FALSE,TRUE,98.81,NA
50909,489,311,1517,"cool temperature regime (20/13)",NA,NA,NA,1080,81.36,"",NA,1,"Jmax",NA,-89.423525,43.077455,FALSE,TRUE,81.36,NA
50910,489,311,1517,"cool temperature regime (20/13)",NA,NA,NA,1080,104.65,"",NA,1,"Jmax",NA,-89.423525,43.077455,FALSE,TRUE,104.65,NA
50911,489,311,1517,"cool temperature regime (20/13)",NA,NA,NA,1080,89.78,"",NA,1,"Jmax",NA,-89.423525,43.077455,FALSE,TRUE,89.78,NA
24083,100,165,87,"Observational",1998-07-15 00:00:00,"00:00:00",NA,2864,215,"SE",13.855,4,"Jmax",7,-3.25,51.967,TRUE,FALSE,215,13.855
24084,100,165,87,"Observational",1998-07-15 00:00:00,"00:00:00",NA,2864,151,"SE",8.035,4,"Jmax",7,-3.25,51.967,TRUE,FALSE,151,8.035
24081,100,165,87,"Observational",1998-07-15 00:00:00,"00:00:00",NA,2864,221,"SE",6.21,4,"Jmax",7,-3.25,51.967,TRUE,FALSE,221,6.21
24080,100,165,87,"Observational",1998-07-15 00:00:00,"00:00:00",NA,2864,163,"SE",10.535,4,"Jmax",7,-3.25,51.967,TRUE,FALSE,163,10.535
24082,100,165,87,"Observational",1998-07-15 00:00:00,"00:00:00",NA,2864,156,"SE",8.045,4,"Jmax",7,-3.25,51.967,TRUE,FALSE,156,8.045
37533,381,602,1220,"observational",2010-06-01 00:00:00,"00:00:00",NA,1072,130.2742,"SE",10.5900626627986,5,"Jmax",6,NA,NA,TRUE,NA,130.2742,10.5900626627986
44609,485,57,1515,"Observational- Dillaway",NA,"00:00:00",NA,1080,26.5,"SE",2.7,4,"Jmax",NA,-88.67,37.45,TRUE,FALSE,26.5,2.7
44611,485,57,1515,"Observational- Dillaway",NA,"00:00:00",NA,1072,23.8,"SE",2.1,4,"Jmax",NA,-88.67,37.45,TRUE,FALSE,23.8,2.1
44613,485,799,1515,"Observational- Dillaway",NA,"00:00:00",NA,1080,17.6,"SE",1.9,4,"Jmax",NA,-89.35,43.3,TRUE,FALSE,17.6,1.9
44615,485,799,1515,"Observational- Dillaway",NA,"00:00:00",NA,1072,24.8,"SE",4.9,4,"Jmax",NA,-89.35,43.3,TRUE,FALSE,24.8,4.9
44617,485,798,1515,"Observational- Dillaway",NA,"00:00:00",NA,1080,34.4,"SE",1.3,4,"Jmax",NA,-89.37,45.65,TRUE,FALSE,34.4,1.3
44619,485,798,1515,"Observational- Dillaway",NA,"00:00:00",NA,1072,42.9,"SE",2.8,4,"Jmax",NA,-89.37,45.65,TRUE,FALSE,42.9,2.8
24075,63,391,141,NA,2004-06-15 00:00:00,"00:00:00",92,2860,82.4,"",NA,4,"Jmax",6,-92.77,39.02,NA,FALSE,82.4,NA
24076,63,391,141,NA,2004-06-15 00:00:00,"00:00:00",93,2860,82.84,"",NA,4,"Jmax",6,-92.77,39.02,NA,FALSE,82.84,NA
24077,63,391,141,NA,2004-06-15 00:00:00,"00:00:00",94,1072,107.93,"",NA,4,"Jmax",6,-92.77,39.02,NA,FALSE,107.93,NA
24078,63,391,141,NA,2004-06-15 00:00:00,"00:00:00",95,1072,118.07,"",NA,4,"Jmax",6,-92.77,39.02,NA,FALSE,118.07,NA
24079,63,391,141,NA,2004-06-15 00:00:00,"00:00:00",96,1072,96.87,"",NA,4,"Jmax",6,-92.77,39.02,NA,FALSE,96.87,NA
25550,51,NA,1,"observational",NA,"00:00:00",NA,1072,117,"SE",1,1,"Jmax",NA,NA,NA,TRUE,NA,117,1
25551,51,NA,1,"observational",NA,"00:00:00",NA,2808,90,"SE",2,2,"Jmax",NA,NA,NA,TRUE,NA,90,2
25552,51,NA,1,"observational",NA,"00:00:00",NA,2809,237,"SE",4,1,"Jmax",NA,NA,NA,TRUE,NA,237,4
25553,51,NA,1,"observational",NA,"00:00:00",NA,1076,169,"SE",4,2,"Jmax",NA,NA,NA,TRUE,NA,169,4
25554,51,NA,1,"observational",NA,"00:00:00",NA,1080,68,"SE",7,1,"Jmax",NA,NA,NA,TRUE,NA,68,7
39544,441,674,1403,"Observational",NA,"00:00:00",NA,39387,55,"",NA,NA,"Jmax",NA,-147.87,64.82,TRUE,NA,55,NA
39542,441,674,1403,"Observational",NA,"00:00:00",NA,1080,55,"",NA,NA,"Jmax",NA,-147.87,64.82,TRUE,NA,55,NA
44068,563,863,1675,"observational",NA,"00:00:00",NA,2860,128,"SE",4,3,"Jmax",NA,175.618511,-40.348268,TRUE,TRUE,128,4
